Time,ueId,assoCell,compCell,reqCount,taskCount,succCount,upWlMea,upWlStd,upWlMin,upWlMax,upWdMea,upWdStd,upWdMin,upWdMax,queMea,queStd,queMin,queMax,compMea, compStd, compMin, compMax,dnWdMea, dnWdStd, dnWdMin, dnWdMax,dnWlMea,dnWlStd, dnWlMin, dnWlMax,e2eMea,e2eStd,e2eMin,e2eMax
1.1,28,6,2,6,5,5,0,0,0,0,0,0,0,0,0,0,0,0,4.166,0,4.166,4.166,1.00072,0,1.00072,1.00072,3.63342,0.418497,3.18342,4.09942,8.80014,0.418497,8.35014,9.26614,
1.1,11,3,3,5,5,5,0,0,0,0,0,0,0,0,0,0,0,0,4.166,0,4.166,4.166,0,0,0,0,3.28414,0.345529,2.93414,3.76814,7.45014,0.345529,7.10014,7.93414,
1.1,18,4,4,6,6,6,0,0,0,0,0,0,0,0,0,0,0,0,4.166,0,4.166,4.166,0,0,0,0,2.97614,0.514875,2.68414,4.01614,7.14214,0.514875,6.85014,8.18214,
1.1,23,5,5,6,5,5,0,0,0,0,0,0,0,0,0,0,0,0,4.166,0,4.166,4.166,0,0,0,0,2.88414,0.224477,2.68414,3.26614,7.05014,0.224477,6.85014,7.43214,
1.1,27,6,6,6,5,5,0,0,0,0,0,0,0,0,0,0,0,0,4.166,0,4.166,4.166,0,0,0,0,3.15557,0.456487,2.68414,3.659,7.32157,0.456487,6.85014,7.825,
1.2,28,6,2,6,6,6,0,0,0,0,0,0,0,0,0,0,0,0,4.166,0,4.166,4.166,1.00072,0,1.00072,1.00072,3.52042,0.268041,3.26942,3.93542,8.68714,0.268041,8.43614,9.10214,
1.2,11,3,3,6,6,6,0,0,0,0,0,0,0,0,0,0,0,0,4.166,0,4.166,4.166,0,0,0,0,3.02114,0.0751399,2.93614,3.10614,7.18714,0.0751399,7.10214,7.27214,
1.2,18,4,4,6,6,6,0,0,0,0,0,0,0,0,0,0,0,0,4.166,0,4.166,4.166,0,0,0,0,2.77181,0.0742473,2.68814,2.85614,6.93781,0.0742473,6.85414,7.02214,
1.2,23,5,5,6,6,6,0,0,0,0,0,0,0,0,0,0,0,0,4.166,0,4.166,4.166,0,0,0,0,2.77114,0.0751399,2.68614,2.85614,6.93714,0.0751399,6.85214,7.02214,
1.2,27,6,6,6,6,6,0,0,0,0,0,0,0,0,0,0,0,0,4.166,0,4.166,4.166,0,0,0,0,3.09257,0.452491,2.77014,3.90243,7.25857,0.452491,6.93614,8.06843,
1.3,28,6,2,6,6,6,0,0,0,0,0,0,0,0,0,0,0,0,4.166,0,4.166,4.166,1.00072,0,1.00072,1.00072,3.10775,0.174105,2.94142,3.43942,8.27447,0.174105,8.10814,8.60614,
1.3,11,3,3,6,6,6,0,0,0,0,0,0,0,0,0,0,0,0,4.166,0,4.166,4.166,0,0,0,0,3.56681,0.472613,3.19214,4.44014,7.73281,0.472613,7.35814,8.60614,
1.3,18,4,4,6,6,6,0,0,0,0,0,0,0,0,0,0,0,0,4.166,0,4.166,4.166,0,0,0,0,3.23414,0.301821,2.94214,3.69414,7.40014,0.301821,7.10814,7.86014,
1.3,23,5,5,6,6,6,0,0,0,0,0,0,0,0,0,0,0,0,4.166,0,4.166,4.166,0,0,0,0,2.77514,0.0751399,2.69014,2.86014,6.94114,0.0751399,6.85614,7.02614,
1.3,27,6,6,6,6,6,0,0,0,0,0,0,0,0,0,0,0,0,4.166,0,4.166,4.166,0,0,0,0,2.97157,0.268165,2.69214,3.44014,7.13757,0.268165,6.85814,7.60614,
1.4,28,6,2,6,6,6,0,0,0,0,0,0,0,0,0,0,0,0,4.166,0,4.166,4.166,1.00072,0,1.00072,1.00072,3.11175,0.25281,2.94342,3.61142,8.27847,0.25281,8.11014,8.77814,
1.4,11,3,3,6,6,6,0,0,0,0,0,0,0,0,0,0,0,0,4.166,0,4.166,4.166,0,0,0,0,3.27914,0.0751399,3.19414,3.36414,7.44514,0.0751399,7.36014,7.53014,
1.4,18,4,4,6,6,6,0,0,0,0,0,0,0,0,0,0,0,0,4.166,0,4.166,4.166,0,0,0,0,2.77981,0.0742473,2.69614,2.86414,6.94581,0.0742473,6.86214,7.03014,
1.4,23,5,5,6,6,6,0,0,0,0,0,0,0,0,0,0,0,0,4.166,0,4.166,4.166,0,0,0,0,2.77914,0.0751399,2.69414,2.86414,6.94514,0.0751399,6.86014,7.03014,
1.4,27,6,6,6,6,6,0,0,0,0,0,0,0,0,0,0,0,0,4.166,0,4.166,4.166,0,0,0,0,3.01724,0.435152,2.69414,3.86214,7.18324,0.435152,6.86014,8.02814,
1.5,11,3,3,6,6,6,0,0,0,0,0,0,0,0,0,0,0,0,4.166,0,4.166,4.166,0,0,0,0,3.11647,0.117101,2.95014,3.28214,7.28247,0.117101,7.11614,7.44814,
1.5,18,4,4,6,6,6,0,0,0,0,0,0,0,0,0,0,0,0,4.166,0,4.166,4.166,0,0,0,0,3.11714,0.216439,2.95014,3.53214,7.28314,0.216439,7.11614,7.69814,
1.5,23,5,5,6,6,6,0,0,0,0,0,0,0,0,0,0,0,0,4.166,0,4.166,4.166,0,0,0,0,2.78314,0.0751399,2.69814,2.86814,6.94914,0.0751399,6.86414,7.03414,
1.5,27,6,6,6,6,6,0,0,0,0,0,0,0,0,0,0,0,0,4.166,0,4.166,4.166,0,0,0,0,3.19683,0.4054,2.86814,3.94814,7.36283,0.4054,7.03414,8.11414,
1.6,9,3,7,5,4,4,0,0,0,0,0,0,0,0,0,0,0,0,4.166,0,4.166,4.166,5.00116,0,5.00116,5.00116,3.93562,0.63533,3.01698,4.47926,13.1028,0.63533,12.1841,13.6464,
1.6,5,3,8,5,5,5,0,0,0,0,0,0,0,0,0,0,0,0,4.166,0,4.166,4.166,5.00116,0,5.00116,5.00116,3.10441,0.216965,2.93298,3.47926,12.2716,0.216965,12.1001,12.6464,
1.6,22,5,8,6,5,5,0,0,0,0,0,0,0,0,0,0,0,0,4.166,0,4.166,4.166,5.00116,0,5.00116,5.00116,3.10441,0.216965,2.93298,3.47926,12.2716,0.216965,12.1001,12.6464,
1.6,25,6,8,6,5,5,0,0,0,0,0,0,0,0,0,0,0,0,4.166,0,4.166,4.166,5.00116,0,5.00116,5.00116,3.10441,0.216965,2.93298,3.47926,12.2716,0.216965,12.1001,12.6464,
1.6,15,4,2,5,5,5,0,0,0,0,0,0,0,0,0,0,0,0,4.166,0,4.166,4.166,1.00072,0,1.00072,1.00072,5.08342,0.425899,4.68342,5.76542,10.2501,0.425899,9.85014,10.9321,
1.6,11,3,3,6,6,6,0,0,0,0,0,0,0,0,0,0,0,0,4.166,0,4.166,4.166,0,0,0,0,3.37047,0.174105,3.20414,3.70214,7.53647,0.174105,7.37014,7.86814,
1.6,18,4,4,6,5,5,0,0,0,0,0,0,0,0,0,0,0,0,4.166,0,4.166,4.166,0,0,0,0,4.46843,0.823028,3.00043,4.91843,8.63443,0.823028,7.16643,9.08443,
1.6,23,5,5,6,6,6,0,0,0,0,0,0,0,0,0,0,0,0,4.166,0,4.166,4.166,0,0,0,0,2.78714,0.0751399,2.70214,2.87214,6.95314,0.0751399,6.86814,7.03814,
1.6,27,6,6,6,6,6,0,0,0,0,0,0,0,0,0,0,0,0,4.166,0,4.166,4.166,0,0,0,0,2.78714,0.0751399,2.70214,2.87214,6.95314,0.0751399,6.86814,7.03814,
1.7,9,3,7,6,6,6,0,0,0,0,0,0,0,0,0,0,0,0,4.166,0,4.166,4.166,5.00116,0,5.00116,5.00116,3.00145,0.0684181,2.93498,3.10098,12.1686,0.0684181,12.1021,12.2681,
1.7,5,3,8,6,6,6,0,0,0,0,0,0,0,0,0,0,0,0,4.166,0,4.166,4.166,5.00116,0,5.00116,5.00116,2.99617,0.0598845,2.93498,3.06926,12.1633,0.0598845,12.1021,12.2364,
1.7,22,5,8,6,6,6,0,0,0,0,0,0,0,0,0,0,0,0,4.166,0,4.166,4.166,5.00116,0,5.00116,5.00116,2.99617,0.0598845,2.93498,3.06926,12.1633,0.0598845,12.1021,12.2364,
1.7,25,6,8,6,6,6,0,0,0,0,0,0,0,0,0,0,0,0,4.166,0,4.166,4.166,5.00116,0,5.00116,5.00116,2.99617,0.0598845,2.93498,3.06926,12.1633,0.0598845,12.1021,12.2364,
1.7,15,4,2,6,5,5,0,0,0,0,0,0,0,0,0,0,0,0,4.166,0,4.166,4.166,1.00072,0,1.00072,1.00072,5.41056,0.225067,5.16228,5.77142,10.5773,0.225067,10.329,10.9381,
1.7,11,3,3,6,6,6,0,0,0,0,0,0,0,0,0,0,0,0,4.166,0,4.166,4.166,0,0,0,0,3.08281,0.127132,2.95614,3.29214,7.24881,0.127132,7.12214,7.45814,
1.7,18,4,4,6,6,6,0,0,0,0,0,0,0,0,0,0,0,0,4.166,0,4.166,4.166,0,0,0,0,4.85662,0.320738,4.435,5.29014,9.02262,0.320738,8.601,9.45614,
1.7,23,5,5,6,6,6,0,0,0,0,0,0,0,0,0,0,0,0,4.166,0,4.166,4.166,0,0,0,0,2.79114,0.0751399,2.70614,2.87614,6.95714,0.0751399,6.87214,7.04214,
1.7,27,6,6,6,6,6,0,0,0,0,0,0,0,0,0,0,0,0,4.166,0,4.166,4.166,0,0,0,0,3.03519,0.325644,2.70614,3.62414,7.20119,0.325644,6.87214,7.79014,
1.8,9,3,7,6,6,6,0,0,0,0,0,0,0,0,0,0,0,0,4.166,0,4.166,4.166,5.00116,0,5.00116,5.00116,3.20784,0.466872,2.93898,4.15526,12.375,0.466872,12.1061,13.3224,
1.8,5,3,8,6,6,6,0,0,0,0,0,0,0,0,0,0,0,0,4.166,0,4.166,4.166,5.00116,0,5.00116,5.00116,2.99719,0.0637345,2.92312,3.07326,12.1644,0.0637345,12.0903,12.2404,
1.8,22,5,8,6,6,6,0,0,0,0,0,0,0,0,0,0,0,0,4.166,0,4.166,4.166,5.00116,0,5.00116,5.00116,2.99719,0.0637345,2.92312,3.07326,12.1644,0.0637345,12.0903,12.2404,
1.8,25,6,8,6,6,6,0,0,0,0,0,0,0,0,0,0,0,0,4.166,0,4.166,4.166,5.00116,0,5.00116,5.00116,3.14005,0.208338,2.92312,3.52498,12.3072,0.208338,12.0903,12.6921,
1.8,15,4,2,6,6,6,0,0,0,0,0,0,0,0,0,0,0,0,4.166,0,4.166,4.166,1.00072,0,1.00072,1.00072,6.13685,0.415233,5.43942,6.58428,11.3036,0.415233,10.6061,11.751,
1.8,11,3,3,6,6,6,0,0,0,0,0,0,0,0,0,0,0,0,4.166,0,4.166,4.166,0,0,0,0,4.08681,0.0869636,3.96214,4.21014,8.25281,0.0869636,8.12814,8.37614,
1.8,18,4,4,6,6,6,0,0,0,0,0,0,0,0,0,0,0,0,4.166,0,4.166,4.166,0,0,0,0,5.1999,0.310954,4.853,5.63014,9.3659,0.310954,9.019,9.79614,
1.8,23,5,5,6,6,6,0,0,0,0,0,0,0,0,0,0,0,0,4.166,0,4.166,4.166,0,0,0,0,2.79514,0.0751399,2.71014,2.88014,6.96114,0.0751399,6.87614,7.04614,
1.8,27,6,6,6,6,6,0,0,0,0,0,0,0,0,0,0,0,0,4.166,0,4.166,4.166,0,0,0,0,2.79514,0.0751399,2.71014,2.88014,6.96114,0.0751399,6.87614,7.04614,
1.9,9,3,7,6,6,6,0,0,0,0,0,0,0,0,0,0,0,0,4.166,0,4.166,4.166,5.00116,0,5.00116,5.00116,3.02731,0.0742473,2.94298,3.11098,12.1945,0.0742473,12.1101,12.2781,
1.9,5,3,8,6,6,6,0,0,0,0,0,0,0,0,0,0,0,0,4.166,0,4.166,4.166,5.00116,0,5.00116,5.00116,2.99226,0.0751399,2.90726,3.07726,12.1594,0.0751399,12.0744,12.2444,
1.9,22,5,8,6,6,6,0,0,0,0,0,0,0,0,0,0,0,0,4.166,0,4.166,4.166,5.00116,0,5.00116,5.00116,2.99226,0.0751399,2.90726,3.07726,12.1594,0.0751399,12.0744,12.2444,
1.9,25,6,8,6,6,6,0,0,0,0,0,0,0,0,0,0,0,0,4.166,0,4.166,4.166,5.00116,0,5.00116,5.00116,3.23334,0.176464,3.02698,3.44498,12.4005,0.176464,12.1941,12.6121,
1.9,15,4,2,6,7,7,0,0,0,0,0,0,0,0,0,0,0,0,4.166,0,4.166,4.166,1.00072,0,1.00072,1.00072,5.24662,0.735775,4.69542,6.80585,10.4133,0.735775,9.86214,11.9726,
1.9,11,3,3,6,6,6,0,0,0,0,0,0,0,0,0,0,0,0,4.166,0,4.166,4.166,0,0,0,0,3.46581,0.234761,3.21614,3.79814,7.63181,0.234761,7.38214,7.96414,
1.9,18,4,4,6,6,6,0,0,0,0,0,0,0,0,0,0,0,0,4.166,0,4.166,4.166,0,0,0,0,4.93009,0.15141,4.80014,5.22671,9.09609,0.15141,8.96614,9.39271,
1.9,23,5,5,6,6,6,0,0,0,0,0,0,0,0,0,0,0,0,4.166,0,4.166,4.166,0,0,0,0,2.79914,0.0751399,2.71414,2.88414,6.96514,0.0751399,6.88014,7.05014,
1.9,27,6,6,6,6,6,0,0,0,0,0,0,0,0,0,0,0,0,4.166,0,4.166,4.166,0,0,0,0,3.3289,0.485807,2.88414,4.19628,7.4949,0.485807,7.05014,8.36228,
2,9,3,7,6,6,6,0,0,0,0,0,0,0,0,0,0,0,0,4.166,0,4.166,4.166,5.00116,0,5.00116,5.00116,3.10274,0.225801,2.91326,3.53098,12.2699,0.225801,12.0804,12.6981,
2,22,5,8,6,6,6,0,0,0,0,0,0,0,0,0,0,0,0,4.166,0,4.166,4.166,5.00116,0,5.00116,5.00116,2.99626,0.0751399,2.91126,3.08126,12.1634,0.0751399,12.0784,12.2484,
2,25,6,8,6,6,6,0,0,0,0,0,0,0,0,0,0,0,0,4.166,0,4.166,4.166,5.00116,0,5.00116,5.00116,3.35936,0.378778,2.94898,3.78098,12.5265,0.378778,12.1161,12.9481,
2,15,4,2,6,5,5,0,0,0,0,0,0,0,0,0,0,0,0,4.166,0,4.166,4.166,1.00072,0,1.00072,1.00072,5.59399,0.159822,5.44942,5.86542,10.7607,0.159822,10.6161,11.0321,
2,11,3,3,6,6,6,0,0,0,0,0,0,0,0,0,0,0,0,4.166,0,4.166,4.166,0,0,0,0,3.05314,0.0751399,2.96814,3.13814,7.21914,0.0751399,7.13414,7.30414,
2,18,4,4,6,6,6,0,0,0,0,0,0,0,0,0,0,0,0,4.166,0,4.166,4.166,0,0,0,0,5.05909,0.249741,4.863,5.55214,9.22509,0.249741,9.029,9.71814,
2,23,5,5,6,6,6,0,0,0,0,0,0,0,0,0,0,0,0,4.166,0,4.166,4.166,0,0,0,0,2.80314,0.0751399,2.71814,2.88814,6.96914,0.0751399,6.88414,7.05414,
2,27,6,6,6,6,6,0,0,0,0,0,0,0,0,0,0,0,0,4.166,0,4.166,4.166,0,0,0,0,2.80314,0.0751399,2.71814,2.88814,6.96914,0.0751399,6.88414,7.05414,
2.1,2,2,7,6,5,5,0,0,0,0,0,0,0,0,0,0,0,0,4.166,0,4.166,4.166,5.00116,0,5.00116,5.00116,5.29012,0.439087,4.57584,5.60098,14.4573,0.439087,13.743,14.7681,
2.1,8,3,7,5,5,5,0,0,0,0,0,0,0,0,0,0,0,0,4.166,0,4.166,4.166,5.00116,0,5.00116,5.00116,5.18298,0.402976,4.76698,5.76498,14.3501,0.402976,13.9341,14.9321,
2.1,9,3,7,6,6,6,0,0,0,0,0,0,0,0,0,0,0,0,4.166,0,4.166,4.166,5.00116,0,5.00116,5.00116,3.10079,0.197834,2.91526,3.36898,12.2679,0.197834,12.0824,12.5361,
2.1,28,2,7,6,5,5,0,0,0,0,0,0,0,0,0,0,0,0,4.166,0,4.166,4.166,5.08403,0,5.08403,5.08403,5.74654,0.389308,5.10011,6.01811,14.9966,0.389308,14.3501,15.2681,
2.1,14,4,8,5,4,4,0,0,0,0,0,0,0,0,0,0,0,0,4.166,0,4.166,4.166,5.00116,0,5.00116,5.00116,4.13651,0.113941,3.99912,4.26498,13.3037,0.113941,13.1663,13.4321,
2.1,22,5,8,6,6,6,0,0,0,0,0,0,0,0,0,0,0,0,4.166,0,4.166,4.166,5.00116,0,5.00116,5.00116,3.00026,0.0751399,2.91526,3.08526,12.1674,0.0751399,12.0824,12.2524,
2.1,24,5,8,6,5,5,0,0,0,0,0,0,0,0,0,0,0,0,4.166,0,4.166,4.166,5.00116,0,5.00116,5.00116,3.10441,0.216965,2.93298,3.47926,12.2716,0.216965,12.1001,12.6464,
2.1,25,6,8,6,6,6,0,0,0,0,0,0,0,0,0,0,0,0,4.166,0,4.166,4.166,5.00116,0,5.00116,5.00116,3.14312,0.282173,2.91726,3.70098,12.3103,0.282173,12.0844,12.8681,
2.1,15,4,2,6,6,6,0,0,0,0,0,0,0,0,0,0,0,0,4.166,0,4.166,4.166,1.00072,0,1.00072,1.00072,7.24409,0.695674,5.86742,7.70342,12.4108,0.695674,11.0341,12.8701,
2.1,11,3,3,6,6,6,0,0,0,0,0,0,0,0,0,0,0,0,4.166,0,4.166,4.166,0,0,0,0,4.39047,0.350589,3.72214,4.64214,8.55647,0.350589,7.88814,8.80814,
2.1,18,4,4,6,6,6,0,0,0,0,0,0,0,0,0,0,0,0,4.166,0,4.166,4.166,0,0,0,0,5.08988,0.257912,4.865,5.55614,9.25588,0.257912,9.031,9.72214,
2.1,23,5,5,6,6,6,0,0,0,0,0,0,0,0,0,0,0,0,4.166,0,4.166,4.166,0,0,0,0,2.80714,0.0751399,2.72214,2.89214,6.97314,0.0751399,6.88814,7.05814,
2.1,27,6,6,6,6,6,0,0,0,0,0,0,0,0,0,0,0,0,4.166,0,4.166,4.166,0,0,0,0,3.05714,0.32534,2.72214,3.64014,7.22314,0.32534,6.88814,7.80614,
2.2,2,2,7,6,6,6,0,0,0,0,0,0,0,0,0,0,0,0,4.166,0,4.166,4.166,5.00116,0,5.00116,5.00116,4.90688,0.325174,4.66184,5.43698,14.074,0.325174,13.829,14.6041,
2.2,8,3,7,6,6,6,0,0,0,0,0,0,0,0,0,0,0,0,4.166,0,4.166,4.166,5.00116,0,5.00116,5.00116,3.76998,0.324724,3.35498,4.18698,12.9371,0.324724,12.5221,13.3541,
2.2,9,3,7,6,6,6,0,0,0,0,0,0,0,0,0,0,0,0,4.166,0,4.166,4.166,5.00116,0,5.00116,5.00116,3.16431,0.351799,2.95498,3.87098,12.3315,0.351799,12.1221,13.0381,
2.2,28,2,7,6,6,6,0,0,0,0,0,0,0,0,0,0,0,0,4.166,0,4.166,4.166,5.08403,0,5.08403,5.08403,7.14544,0.62511,6.68811,8.35411,16.3955,0.62511,15.9381,17.6041,
2.2,14,4,8,6,6,6,0,0,0,0,0,0,0,0,0,0,0,0,4.166,0,4.166,4.166,5.00116,0,5.00116,5.00116,3.46872,0.327283,3.14926,4.08312,12.6359,0.327283,12.3164,13.2503,
2.2,22,5,8,6,6,6,0,0,0,0,0,0,0,0,0,0,0,0,4.166,0,4.166,4.166,5.00116,0,5.00116,5.00116,3.00426,0.0751399,2.91926,3.08926,12.1714,0.0751399,12.0864,12.2564,
2.2,24,5,8,6,6,6,0,0,0,0,0,0,0,0,0,0,0,0,4.166,0,4.166,4.166,5.00116,0,5.00116,5.00116,2.99617,0.0598845,2.93498,3.06926,12.1633,0.0598845,12.1021,12.2364,
2.2,25,6,8,6,6,6,0,0,0,0,0,0,0,0,0,0,0,0,4.166,0,4.166,4.166,5.00116,0,5.00116,5.00116,3.0995,0.263467,2.92126,3.62498,12.2667,0.263467,12.0884,12.7921,
2.2,15,4,2,6,6,6,0,0,0,0,0,0,0,0,0,0,0,0,4.166,0,4.166,4.166,1.00072,0,1.00072,1.00072,6.33737,0.65407,5.83042,7.62142,11.5041,0.65407,10.9971,12.7881,
2.2,11,3,3,6,6,6,0,0,0,0,0,0,0,0,0,0,0,0,4.166,0,4.166,4.166,0,0,0,0,3.14447,0.149374,2.97814,3.39614,7.31047,0.149374,7.14414,7.56214,
2.2,18,4,4,6,6,6,0,0,0,0,0,0,0,0,0,0,0,0,4.166,0,4.166,4.166,0,0,0,0,5.57304,0.457957,4.869,6.06214,9.73905,0.457957,9.035,10.2281,
2.2,23,5,5,6,6,6,0,0,0,0,0,0,0,0,0,0,0,0,4.166,0,4.166,4.166,0,0,0,0,2.81114,0.0751399,2.72614,2.89614,6.97714,0.0751399,6.89214,7.06214,
2.2,27,6,6,6,6,6,0,0,0,0,0,0,0,0,0,0,0,0,4.166,0,4.166,4.166,0,0,0,0,3.26352,0.308443,2.94243,3.72614,7.42952,0.308443,7.10843,7.89214,
2.3,2,2,7,6,6,6,0,0,0,0,0,0,0,0,0,0,0,0,4.166,0,4.166,4.166,5.00116,0,5.00116,5.00116,4.76207,0.398899,4.43898,5.52298,13.9292,0.398899,13.6061,14.6901,
2.3,8,3,7,6,6,6,0,0,0,0,0,0,0,0,0,0,0,0,4.166,0,4.166,4.166,5.00116,0,5.00116,5.00116,3.60731,0.488582,3.18898,4.52298,12.7745,0.488582,12.3561,13.6901,
2.3,9,3,7,6,6,6,0,0,0,0,0,0,0,0,0,0,0,0,4.166,0,4.166,4.166,5.00116,0,5.00116,5.00116,3.04331,0.0742473,2.95898,3.12698,12.2105,0.0742473,12.1261,12.2941,
2.3,28,2,7,6,6,6,0,0,0,0,0,0,0,0,0,0,0,0,4.166,0,4.166,4.166,5.08403,0,5.08403,5.08403,6.35777,0.470651,5.94211,7.19011,15.6078,0.470651,15.1921,16.4401,
2.3,14,4,8,6,6,6,0,0,0,0,0,0,0,0,0,0,0,0,4.166,0,4.166,4.166,5.00116,0,5.00116,5.00116,3.26141,0.2327,3.00512,3.56926,12.4286,0.2327,12.1723,12.7364,
2.3,22,5,8,6,6,6,0,0,0,0,0,0,0,0,0,0,0,0,4.166,0,4.166,4.166,5.00116,0,5.00116,5.00116,3.00826,0.0751399,2.92326,3.09326,12.1754,0.0751399,12.0904,12.2604,
2.3,24,5,8,6,6,6,0,0,0,0,0,0,0,0,0,0,0,0,4.166,0,4.166,4.166,5.00116,0,5.00116,5.00116,2.99719,0.0637345,2.92312,3.07326,12.1644,0.0637345,12.0903,12.2404,
2.3,25,6,8,6,6,6,0,0,0,0,0,0,0,0,0,0,0,0,4.166,0,4.166,4.166,5.00116,0,5.00116,5.00116,3.1035,0.231054,2.92326,3.54298,12.2707,0.231054,12.0904,12.7101,
2.3,15,4,2,6,6,6,0,0,0,0,0,0,0,0,0,0,0,0,4.166,0,4.166,4.166,1.00072,0,1.00072,1.00072,5.96935,0.423007,5.54342,6.57185,11.1361,0.423007,10.7101,11.7386,
2.3,11,3,3,6,6,6,0,0,0,0,0,0,0,0,0,0,0,0,4.166,0,4.166,4.166,0,0,0,0,4.26157,0.149946,3.98014,4.39814,8.42757,0.149946,8.14614,8.56414,
2.3,18,4,4,6,6,6,0,0,0,0,0,0,0,0,0,0,0,0,4.166,0,4.166,4.166,0,0,0,0,5.39847,0.388627,5.041,6.06414,9.56447,0.388627,9.207,10.2301,
2.3,23,5,5,6,6,6,0,0,0,0,0,0,0,0,0,0,0,0,4.166,0,4.166,4.166,0,0,0,0,2.81514,0.0751399,2.73014,2.90014,6.98114,0.0751399,6.89614,7.06614,
2.3,27,6,6,6,6,6,0,0,0,0,0,0,0,0,0,0,0,0,4.166,0,4.166,4.166,0,0,0,0,3.01752,0.39849,2.73214,3.81614,7.18352,0.39849,6.89814,7.98214,
2.4,2,2,7,6,6,6,0,0,0,0,0,0,0,0,0,0,0,0,4.166,0,4.166,4.166,5.00116,0,5.00116,5.00116,4.62322,0.143834,4.44298,4.75584,13.7904,0.143834,13.6101,13.923,
2.4,8,3,7,6,6,6,0,0,0,0,0,0,0,0,0,0,0,0,4.166,0,4.166,4.166,5.00116,0,5.00116,5.00116,3.73631,0.386992,3.19298,4.36098,12.9035,0.386992,12.3601,13.5281,
2.4,9,3,7,6,6,6,0,0,0,0,0,0,0,0,0,0,0,0,4.166,0,4.166,4.166,5.00116,0,5.00116,5.00116,3.12469,0.255579,2.96298,3.63098,12.2919,0.255579,12.1301,12.7981,
2.4,28,2,7,6,6,6,0,0,0,0,0,0,0,0,0,0,0,0,4.166,0,4.166,4.166,5.08403,0,5.08403,5.08403,6.73677,0.127132,6.61011,6.94611,15.9868,0.127132,15.8601,16.1961,
2.4,14,4,8,6,6,6,0,0,0,0,0,0,0,0,0,0,0,0,4.166,0,4.166,4.166,5.00116,0,5.00116,5.00116,3.26838,0.34544,2.92512,3.77898,12.4355,0.34544,12.0923,12.9461,
2.4,22,5,8,6,6,6,0,0,0,0,0,0,0,0,0,0,0,0,4.166,0,4.166,4.166,5.00116,0,5.00116,5.00116,3.01226,0.0751399,2.92726,3.09726,12.1794,0.0751399,12.0944,12.2644,
2.4,24,5,8,6,6,6,0,0,0,0,0,0,0,0,0,0,0,0,4.166,0,4.166,4.166,5.00116,0,5.00116,5.00116,2.99226,0.0751399,2.90726,3.07726,12.1594,0.0751399,12.0744,12.2444,
2.4,25,6,8,6,6,6,0,0,0,0,0,0,0,0,0,0,0,0,4.166,0,4.166,4.166,5.00116,0,5.00116,5.00116,3.17298,0.27294,2.96298,3.63098,12.3401,0.27294,12.1301,12.7981,
2.4,15,4,2,6,6,6,0,0,0,0,0,0,0,0,0,0,0,0,4.166,0,4.166,4.166,1.00072,0,1.00072,1.00072,6.0418,0.424797,5.46342,6.72799,11.2085,0.424797,10.6301,11.8947,
2.4,11,3,3,6,6,6,0,0,0,0,0,0,0,0,0,0,0,0,4.166,0,4.166,4.166,0,0,0,0,4.30724,0.0689751,4.23414,4.40214,8.47324,0.0689751,8.40014,8.56814,
2.4,18,4,4,6,6,6,0,0,0,0,0,0,0,0,0,0,0,0,4.166,0,4.166,4.166,0,0,0,0,5.3489,0.431177,4.877,5.90414,9.5149,0.431177,9.043,10.0701,
2.4,23,5,5,6,6,6,0,0,0,0,0,0,0,0,0,0,0,0,4.166,0,4.166,4.166,0,0,0,0,2.81914,0.0751399,2.73414,2.90414,6.98514,0.0751399,6.90014,7.07014,
2.4,27,6,6,6,6,6,0,0,0,0,0,0,0,0,0,0,0,0,4.166,0,4.166,4.166,0,0,0,0,3.3489,0.499235,2.73414,4.15414,7.5149,0.499235,6.90014,8.32014,
2.5,2,2,7,6,6,6,0,0,0,0,0,0,0,0,0,0,0,0,4.166,0,4.166,4.166,5.00116,0,5.00116,5.00116,4.86531,0.236881,4.44698,5.11698,14.0325,0.236881,13.6141,14.2841,
2.5,8,3,7,6,6,6,0,0,0,0,0,0,0,0,0,0,0,0,4.166,0,4.166,4.166,5.00116,0,5.00116,5.00116,3.11531,0.174105,2.94898,3.44698,12.2825,0.174105,12.1161,12.6141,
2.5,9,3,7,6,6,6,0,0,0,0,0,0,0,0,0,0,0,0,4.166,0,4.166,4.166,5.00116,0,5.00116,5.00116,3.215,0.237289,2.96698,3.55098,12.3822,0.237289,12.1341,12.7181,
2.5,28,2,7,6,6,6,0,0,0,0,0,0,0,0,0,0,0,0,4.166,0,4.166,4.166,5.08403,0,5.08403,5.08403,5.94911,0.285037,5.61411,6.28411,15.1991,0.285037,14.8641,15.5341,
2.5,14,4,8,6,6,6,0,0,0,0,0,0,0,0,0,0,0,0,4.166,0,4.166,4.166,5.00116,0,5.00116,5.00116,3.25155,0.42184,2.91126,4.07726,12.4187,0.42184,12.0784,13.2444,
2.5,24,5,8,6,6,6,0,0,0,0,0,0,0,0,0,0,0,0,4.166,0,4.166,4.166,5.00116,0,5.00116,5.00116,2.99626,0.0751399,2.91126,3.08126,12.1634,0.0751399,12.0784,12.2484,
2.5,25,6,8,6,6,6,0,0,0,0,0,0,0,0,0,0,0,0,4.166,0,4.166,4.166,5.00116,0,5.00116,5.00116,3.06984,0.0899097,2.96698,3.21898,12.237,0.0899097,12.1341,12.3861,
2.5,15,4,2,6,6,6,0,0,0,0,0,0,0,0,0,0,0,0,4.166,0,4.166,4.166,1.00072,0,1.00072,1.00072,5.66485,0.914983,4.86228,7.34771,10.8316,0.914983,10.029,12.5144,
2.5,11,3,3,6,6,6,0,0,0,0,0,0,0,0,0,0,0,0,4.166,0,4.166,4.166,0,0,0,0,4.32314,0.0751399,4.23814,4.40814,8.48914,0.0751399,8.40414,8.57414,
2.5,18,4,4,6,6,6,0,0,0,0,0,0,0,0,0,0,0,0,4.166,0,4.166,4.166,0,0,0,0,5.11481,0.240754,4.73814,5.49014,9.28081,0.240754,8.90414,9.65614,
2.5,23,5,5,6,6,6,0,0,0,0,0,0,0,0,0,0,0,0,4.166,0,4.166,4.166,0,0,0,0,2.82314,0.0751399,2.73814,2.90814,6.98914,0.0751399,6.90414,7.07414,
2.5,27,6,6,6,6,6,0,0,0,0,0,0,0,0,0,0,0,0,4.166,0,4.166,4.166,0,0,0,0,3.06719,0.216963,2.90614,3.48814,7.23319,0.216963,7.07214,7.65414,
2.6,2,2,7,6,6,6,0,0,0,0,0,0,0,0,0,0,0,0,4.166,0,4.166,4.166,5.00116,0,5.00116,5.00116,4.73836,0.25302,4.45098,5.04955,13.9055,0.25302,13.6181,14.2167,
2.6,8,3,7,6,6,6,0,0,0,0,0,0,0,0,0,0,0,0,4.166,0,4.166,4.166,5.00116,0,5.00116,5.00116,5.44967,1.35287,3.51712,6.61898,14.6168,1.35287,12.6843,15.7861,
2.6,9,3,7,6,5,5,0,0,0,0,0,0,0,0,0,0,0,0,4.166,0,4.166,4.166,5.00116,0,5.00116,5.00116,3.41464,0.608216,2.97098,4.38898,12.5818,0.608216,12.1381,13.5561,
2.6,28,2,7,6,6,6,0,0,0,0,0,0,0,0,0,0,0,0,4.166,0,4.166,4.166,5.08403,0,5.08403,5.08403,6.66144,1.04507,5.45211,8.12011,15.9115,1.04507,14.7021,17.3701,
2.6,1,2,8,4,3,3,0,0,0,0,0,0,0,0,0,0,0,0,4.166,0,4.166,4.166,5.00116,0,5.00116,5.00116,8.07517,0.650299,7.32584,8.49184,17.2423,0.650299,16.493,17.659,
2.6,14,4,8,6,6,6,0,0,0,0,0,0,0,0,0,0,0,0,4.166,0,4.166,4.166,5.00116,0,5.00116,5.00116,3.14841,0.187307,2.95298,3.45098,12.3156,0.187307,12.1201,12.6181,
2.6,24,5,8,6,6,6,0,0,0,0,0,0,0,0,0,0,0,0,4.166,0,4.166,4.166,5.00116,0,5.00116,5.00116,3.00026,0.0751399,2.91526,3.08526,12.1674,0.0751399,12.0824,12.2524,
2.6,25,6,8,6,6,6,0,0,0,0,0,0,0,0,0,0,0,0,4.166,0,4.166,4.166,5.00116,0,5.00116,5.00116,3.02026,0.0751399,2.93526,3.10526,12.1874,0.0751399,12.1024,12.2724,
2.6,15,4,2,6,6,6,0,0,0,0,0,0,0,0,0,0,0,0,4.166,0,4.166,4.166,1.00072,0,1.00072,1.00072,5.97837,0.372644,5.53028,6.45356,11.1451,0.372644,10.697,11.6203,
2.6,4,2,3,5,4,4,0,0,0,0,0,0,0,0,0,0,0,0,8.333,0,8.333,8.333,1.00072,0,1.00072,1.00072,2.91192,0.298973,2.68242,3.34842,12.2456,0.298973,12.0161,12.6821,
2.6,7,3,3,5,4,4,0,0,0,0,0,0,0,0,0,0,0,0,8.333,0,8.333,8.333,0,0,0,0,3.47514,0.25838,3.10114,3.68314,11.8081,0.25838,11.4341,12.0161,
2.6,11,3,3,6,6,5,0,0,0,0,0,0,0,0,0,0,0,0,6.944,2.15183,4.166,8.333,0,0,0,0,6.9539,2.77093,4.24214,11.804,13.8979,4.55979,8.40814,20.137,
2.6,18,4,4,6,6,6,0,0,0,0,0,0,0,0,0,0,0,0,4.166,0,4.166,4.166,0,0,0,0,4.80928,0.3966,4.387,5.29043,8.97528,0.3966,8.553,9.45643,
2.6,6,2,5,5,4,4,0,0,0,0,0,0,0,0,0,0,0,0,8.333,0,8.333,8.333,1.00072,0,1.00072,1.00072,4.59942,0.967433,3.34842,5.51642,13.9331,0.967433,12.6821,14.8501,
2.6,23,5,5,6,6,6,0,0,0,0,0,0,0,0,0,0,0,0,6.944,2.15183,4.166,8.333,0,0,0,0,2.79914,0.0683491,2.74214,2.91114,9.74314,2.1645,6.90814,11.2441,
2.6,26,6,5,4,4,4,0,0,0,0,0,0,0,0,0,0,0,0,8.333,0,8.333,8.333,1.00072,0,1.00072,1.00072,2.91192,0.298973,2.68242,3.34842,12.2456,0.298973,12.0161,12.6821,
2.6,27,6,6,6,6,6,0,0,0,0,0,0,0,0,0,0,0,0,4.166,0,4.166,4.166,0,0,0,0,3.19619,0.342795,2.91014,3.74214,7.36219,0.342795,7.07614,7.90814,
2.7,2,2,7,6,6,6,0,0,0,0,0,0,0,0,0,0,0,0,4.166,0,4.166,4.166,5.00116,0,5.00116,5.00116,6.41498,0.880623,5.45498,7.37298,15.5821,0.880623,14.6221,16.5401,
2.7,8,3,7,6,6,6,0,0,0,0,0,0,0,0,0,0,0,0,4.166,0,4.166,4.166,5.00116,0,5.00116,5.00116,5.80486,0.50972,5.20498,6.59984,14.972,0.50972,14.3721,15.767,
2.7,9,3,7,6,6,6,0,0,0,0,0,0,0,0,0,0,0,0,4.166,0,4.166,4.166,5.00116,0,5.00116,5.00116,3.1605,0.32548,2.93926,3.80898,12.3277,0.32548,12.1064,12.9761,
2.7,28,2,7,6,5,5,0,0,0,0,0,0,0,0,0,0,0,0,4.166,0,4.166,4.166,5.08403,0,5.08403,5.08403,9.68296,0.679426,8.87211,10.7081,18.933,0.679426,18.1221,19.9581,
2.7,1,2,8,6,4,1,0,0,0,0,0,0,0,0,0,0,0,0,4.166,0,4.166,4.166,5.00116,0,5.00116,5.00116,16.7627,8.50534,6.15984,26.7081,25.9299,8.50534,15.327,35.8753,
2.7,14,4,8,6,6,6,0,0,0,0,0,0,0,0,0,0,0,0,4.166,0,4.166,4.166,5.00116,0,5.00116,5.00116,5.47086,1.16571,3.37098,6.70498,14.638,1.16571,12.5381,15.8721,
2.7,24,5,8,6,6,6,0,0,0,0,0,0,0,0,0,0,0,0,4.166,0,4.166,4.166,5.00116,0,5.00116,5.00116,3.00426,0.0751399,2.91926,3.08926,12.1714,0.0751399,12.0864,12.2564,
2.7,25,6,8,6,6,6,0,0,0,0,0,0,0,0,0,0,0,0,4.166,0,4.166,4.166,5.00116,0,5.00116,5.00116,3.16117,0.258471,2.93926,3.56098,12.3283,0.258471,12.1064,12.7281,
2.7,15,4,2,6,6,6,0,0,0,0,0,0,0,0,0,0,0,0,4.166,0,4.166,4.166,1.00072,0,1.00072,1.00072,10.2681,2.11254,6.53428,12.488,15.4348,2.11254,11.701,17.6547,
2.7,4,2,3,6,6,6,0,0,0,0,0,0,0,0,0,0,0,0,8.333,0,8.333,8.333,1.00072,0,1.00072,1.00072,4.87656,1.117,2.68442,5.85242,14.2103,1.117,12.0181,15.1861,
2.7,7,3,3,6,6,6,0,0,0,0,0,0,0,0,0,0,0,0,8.333,0,8.333,8.333,0,0,0,0,3.55585,0.795675,2.90143,5.10314,11.8889,0.795675,11.2344,13.4361,
2.7,11,3,3,6,6,6,0,0,0,0,0,0,0,0,0,0,0,0,8.333,0,8.333,8.333,0,0,0,0,5.23557,0.669283,4.49914,6.306,13.5686,0.669283,12.8321,14.639,
2.7,18,4,4,6,6,6,0,0,0,0,0,0,0,0,0,0,0,0,4.166,0,4.166,4.166,0,0,0,0,5.87876,0.816899,4.891,6.66614,10.0448,0.816899,9.057,10.8321,
2.7,6,2,5,6,6,6,0,0,0,0,0,0,0,0,0,0,0,0,8.333,0,8.333,8.333,1.00072,0,1.00072,1.00072,5.93906,0.892181,4.16656,6.53299,15.2728,0.892181,13.5003,15.8667,
2.7,23,5,5,6,6,6,0,0,0,0,0,0,0,0,0,0,0,0,8.333,0,8.333,8.333,0,0,0,0,2.83081,0.0742473,2.74714,2.91514,11.1638,0.0742473,11.0801,11.2481,
2.7,26,6,5,6,6,6,0,0,0,0,0,0,0,0,0,0,0,0,8.333,0,8.333,8.333,1.00072,0,1.00072,1.00072,2.76942,0.0751399,2.68442,2.85442,12.1031,0.0751399,12.0181,12.1881,
2.7,27,6,6,6,6,6,0,0,0,0,0,0,0,0,0,0,0,0,4.166,0,4.166,4.166,0,0,0,0,3.15852,0.40731,2.74614,3.66614,7.32452,0.40731,6.91214,7.83214,
2.8,2,2,7,6,6,6,0,0,0,0,0,0,0,0,0,0,0,0,4.166,0,4.166,4.166,5.00116,0,5.00116,5.00116,5.32969,0.610009,4.46098,5.95898,14.4969,0.610009,13.6281,15.1261,
2.8,8,3,7,6,5,4,0,0,0,0,0,0,0,0,0,0,0,0,4.166,0,4.166,4.166,5.00116,0,5.00116,5.00116,9.25555,1.58329,7.79298,11.709,18.4227,1.58329,16.9601,20.8761,
2.8,9,3,7,6,6,6,0,0,0,0,0,0,0,0,0,0,0,0,4.166,0,4.166,4.166,5.00116,0,5.00116,5.00116,4.62284,0.98494,3.10926,6.06498,13.79,0.98494,12.2764,15.2321,
2.8,28,2,7,6,6,4,0,0,0,0,0,0,0,0,0,0,0,0,4.166,0,4.166,4.166,5.08403,0,5.08403,5.08403,11.5081,3.20669,9.13868,17.6261,20.7581,3.20669,18.3887,26.8761,
2.8,1,2,8,6,6,5,0,0,0,0,0,0,0,0,0,0,0,0,4.166,0,4.166,4.166,5.00116,0,5.00116,5.00116,9.60896,1.58467,8.33384,12.6638,18.7761,1.58467,17.501,21.831,
2.8,14,4,8,6,6,6,0,0,0,0,0,0,0,0,0,0,0,0,4.166,0,4.166,4.166,5.00116,0,5.00116,5.00116,3.48379,1.05292,2.94112,5.62498,12.6509,1.05292,12.1083,14.7921,
2.8,24,5,8,6,6,6,0,0,0,0,0,0,0,0,0,0,0,0,4.166,0,4.166,4.166,5.00116,0,5.00116,5.00116,3.00826,0.0751399,2.92326,3.09326,12.1754,0.0751399,12.0904,12.2604,
2.8,25,6,8,6,6,6,0,0,0,0,0,0,0,0,0,0,0,0,4.166,0,4.166,4.166,5.00116,0,5.00116,5.00116,3.27231,0.352651,2.97898,3.89698,12.4395,0.352651,12.1461,13.0641,
2.8,15,4,2,6,5,5,0,0,0,0,0,0,0,0,0,0,0,0,4.166,0,4.166,4.166,1.00072,0,1.00072,1.00072,6.02599,0.771992,5.48142,7.37228,11.1927,0.771992,10.6481,12.539,
2.8,4,2,3,6,6,6,0,0,0,0,0,0,0,0,0,0,0,0,8.333,0,8.333,8.333,1.00072,0,1.00072,1.00072,3.39842,0.705759,2.85642,4.68842,12.7321,0.705759,12.1901,14.0221,
2.8,7,3,3,6,6,6,0,0,0,0,0,0,0,0,0,0,0,0,8.333,0,8.333,8.333,0,0,0,0,3.81581,0.508491,3.18914,4.60914,12.1488,0.508491,11.5221,12.9421,
2.8,11,3,3,6,6,5,0,0,0,0,0,0,0,0,0,0,0,0,8.333,0,8.333,8.333,0,0,0,0,7.23362,2.30417,5.56,11.7617,15.5666,2.30417,13.893,20.0947,
2.8,18,4,4,6,6,6,0,0,0,0,0,0,0,0,0,0,0,0,4.166,0,4.166,4.166,0,0,0,0,5.07324,0.239247,4.813,5.46443,9.23924,0.239247,8.979,9.63043,
2.8,6,2,5,6,6,6,0,0,0,0,0,0,0,0,0,0,0,0,8.333,0,8.333,8.333,1.00072,0,1.00072,1.00072,6.1514,0.632256,5.35842,6.91528,15.4851,0.632256,14.6921,16.249,
2.8,23,5,5,6,6,6,0,0,0,0,0,0,0,0,0,0,0,0,8.333,0,8.333,8.333,0,0,0,0,2.83481,0.0742473,2.75114,2.91914,11.1678,0.0742473,11.0841,11.2521,
2.8,26,6,5,6,6,6,0,0,0,0,0,0,0,0,0,0,0,0,8.333,0,8.333,8.333,1.00072,0,1.00072,1.00072,2.77342,0.0751399,2.68842,2.85842,12.1071,0.0751399,12.0221,12.1921,
2.8,27,6,6,6,6,6,0,0,0,0,0,0,0,0,0,0,0,0,4.166,0,4.166,4.166,0,0,0,0,3.29347,0.437679,3.00214,4.17014,7.45947,0.437679,7.16814,8.33614,
2.9,2,2,7,6,6,6,0,0,0,0,0,0,0,0,0,0,0,0,4.166,0,4.166,4.166,5.00116,0,5.00116,5.00116,4.83369,0.288835,4.46298,5.06155,14.0009,0.288835,13.6301,14.2287,
2.9,8,3,7,6,7,7,0,0,0,0,0,0,0,0,0,0,0,0,4.166,0,4.166,4.166,5.00116,0,5.00116,5.00116,6.48302,1.36216,5.46498,9.30755,15.6502,1.36216,14.6321,18.4747,
2.9,9,3,7,6,6,6,0,0,0,0,0,0,0,0,0,0,0,0,4.166,0,4.166,4.166,5.00116,0,5.00116,5.00116,4.23398,0.6093,3.81698,5.39898,13.4011,0.6093,12.9841,14.5661,
2.9,28,2,7,6,7,6,0,0,0,0,0,0,0,0,0,0,0,0,4.166,0,4.166,4.166,5.08403,0,5.08403,5.08403,8.0277,1.63168,6.79811,11.2961,17.2777,1.63168,16.0481,20.5461,
2.9,1,2,8,6,6,5,0,0,0,0,0,0,0,0,0,0,0,0,4.166,0,4.166,4.166,5.00116,0,5.00116,5.00116,11.3511,4.10283,8.83784,19.652,20.5182,4.10283,18.005,28.8191,
2.9,14,4,8,6,6,6,0,0,0,0,0,0,0,0,0,0,0,0,4.166,0,4.166,4.166,5.00116,0,5.00116,5.00116,4.15148,0.549941,3.12898,4.71298,13.3186,0.549941,12.2961,13.8801,
2.9,24,5,8,6,6,6,0,0,0,0,0,0,0,0,0,0,0,0,4.166,0,4.166,4.166,5.00116,0,5.00116,5.00116,3.01226,0.0751399,2.92726,3.09726,12.1794,0.0751399,12.0944,12.2644,
2.9,25,6,8,6,6,6,0,0,0,0,0,0,0,0,0,0,0,0,4.166,0,4.166,4.166,5.00116,0,5.00116,5.00116,3.16917,0.257641,2.94726,3.56698,12.3363,0.257641,12.1144,12.7341,
2.9,15,4,2,6,6,6,0,0,0,0,0,0,0,0,0,0,0,0,4.166,0,4.166,4.166,1.00072,0,1.00072,1.00072,7.55585,0.799051,6.14942,8.37628,12.7226,0.799051,11.3161,13.543,
2.9,4,2,3,6,6,6,0,0,0,0,0,0,0,0,0,0,0,0,8.333,0,8.333,8.333,1.00072,0,1.00072,1.00072,3.26849,0.216938,3.11042,3.69242,12.6022,0.216938,12.4441,13.0261,
2.9,7,3,3,6,6,6,0,0,0,0,0,0,0,0,0,0,0,0,8.333,0,8.333,8.333,0,0,0,0,4.60552,0.320673,4.27914,5.17528,12.9385,0.320673,12.6121,13.5083,
2.9,11,3,3,6,6,6,0,0,0,0,0,0,0,0,0,0,0,0,8.333,0,8.333,8.333,0,0,0,0,6.65428,0.566621,6.17114,7.398,14.9873,0.566621,14.5041,15.731,
2.9,18,4,4,6,6,6,0,0,0,0,0,0,0,0,0,0,0,0,4.166,0,4.166,4.166,0,0,0,0,5.77962,0.557203,4.897,6.58814,9.94562,0.557203,9.063,10.7541,
2.9,6,2,5,6,6,6,0,0,0,0,0,0,0,0,0,0,0,0,8.333,0,8.333,8.333,1.00072,0,1.00072,1.00072,5.89052,0.290031,5.61242,6.37099,15.2242,0.290031,14.9461,15.7047,
2.9,23,5,5,6,6,6,0,0,0,0,0,0,0,0,0,0,0,0,8.333,0,8.333,8.333,0,0,0,0,2.83881,0.0742473,2.75514,2.92314,11.1718,0.0742473,11.0881,11.2561,
2.9,26,6,5,6,6,6,0,0,0,0,0,0,0,0,0,0,0,0,8.333,0,8.333,8.333,1.00072,0,1.00072,1.00072,2.77742,0.0751399,2.69242,2.86242,12.1111,0.0751399,12.0261,12.1961,
2.9,27,6,6,6,6,6,0,0,0,0,0,0,0,0,0,0,0,0,4.166,0,4.166,4.166,0,0,0,0,3.33616,0.239357,3.08814,3.67414,7.50216,0.239357,7.25414,7.84014,
3,2,2,7,6,6,6,0,0,0,0,0,0,0,0,0,0,0,0,4.166,0,4.166,4.166,5.00116,0,5.00116,5.00116,5.00436,0.319071,4.46898,5.46698,14.1715,0.319071,13.6361,14.6341,
3,8,3,7,6,6,6,0,0,0,0,0,0,0,0,0,0,0,0,4.166,0,4.166,4.166,5.00116,0,5.00116,5.00116,5.17698,0.273306,4.96698,5.63698,14.3441,0.273306,14.1341,14.8041,
3,9,3,7,6,6,6,0,0,0,0,0,0,0,0,0,0,0,0,4.166,0,4.166,4.166,5.00116,0,5.00116,5.00116,3.22012,0.303668,2.98698,3.82298,12.3873,0.303668,12.1541,12.9901,
3,28,2,7,6,6,6,0,0,0,0,0,0,0,0,0,0,0,0,4.166,0,4.166,4.166,5.08403,0,5.08403,5.08403,7.38577,0.581647,6.96811,8.13611,16.6358,0.581647,16.2181,17.3861,
3,1,2,8,6,6,5,0,0,0,0,0,0,0,0,0,0,0,0,4.166,0,4.166,4.166,5.00116,0,5.00116,5.00116,8.64374,4.01161,6.19898,16.6718,17.8109,4.01161,15.3661,25.839,
3,14,4,8,6,6,6,0,0,0,0,0,0,0,0,0,0,0,0,4.166,0,4.166,4.166,5.00116,0,5.00116,5.00116,5.23881,0.590901,4.55298,6.11512,14.406,0.590901,13.7201,15.2823,
3,25,6,8,6,6,6,0,0,0,0,0,0,0,0,0,0,0,0,4.166,0,4.166,4.166,5.00116,0,5.00116,5.00116,3.12853,0.231733,2.95126,3.57298,12.2957,0.231733,12.1184,12.7401,
3,15,4,2,6,5,4,0,0,0,0,0,0,0,0,0,0,0,0,4.166,0,4.166,4.166,1.00072,0,1.00072,1.00072,10.7876,3.01206,8.57342,16.0304,15.9543,3.01206,13.7401,21.1971,
3,4,2,3,6,6,6,0,0,0,0,0,0,0,0,0,0,0,0,8.333,0,8.333,8.333,1.00072,0,1.00072,1.00072,2.90642,0.271838,2.69842,3.44642,12.2401,0.271838,12.0321,12.7801,
3,7,3,3,6,6,6,0,0,0,0,0,0,0,0,0,0,0,0,8.333,0,8.333,8.333,0,0,0,0,3.19881,0.311629,2.78114,3.69714,11.5318,0.311629,11.1141,12.0301,
3,11,3,3,6,6,6,0,0,0,0,0,0,0,0,0,0,0,0,8.333,0,8.333,8.333,0,0,0,0,5.22971,0.179375,4.902,5.37357,13.5627,0.179375,13.235,13.7066,
3,18,4,4,6,6,6,0,0,0,0,0,0,0,0,0,0,0,0,4.166,0,4.166,4.166,0,0,0,0,6.79552,2.72405,5.47443,12.3441,10.9615,2.72405,9.64043,16.5101,
3,6,2,5,6,6,6,0,0,0,0,0,0,0,0,0,0,0,0,8.333,0,8.333,8.333,1.00072,0,1.00072,1.00072,4.60582,1.01815,3.69842,6.19642,13.9395,1.01815,13.0321,15.5301,
3,23,5,5,6,6,6,0,0,0,0,0,0,0,0,0,0,0,0,8.333,0,8.333,8.333,0,0,0,0,2.84281,0.0742473,2.75914,2.92714,11.1758,0.0742473,11.0921,11.2601,
3,26,6,5,6,6,6,0,0,0,0,0,0,0,0,0,0,0,0,8.333,0,8.333,8.333,1.00072,0,1.00072,1.00072,2.78142,0.0751399,2.69642,2.86642,12.1151,0.0751399,12.0301,12.2001,
3,27,6,6,6,6,6,0,0,0,0,0,0,0,0,0,0,0,0,4.166,0,4.166,4.166,0,0,0,0,2.96219,0.146073,2.76014,3.14043,7.12819,0.146073,6.92614,7.30643,
3.1,2,2,7,6,6,6,0,0,0,0,0,0,0,0,0,0,0,0,4.166,0,4.166,4.166,5.00116,0,5.00116,5.00116,6.30003,0.415849,5.80498,6.85326,15.4672,0.415849,14.9721,16.0204,
3.1,8,3,7,6,4,4,0,0,0,0,0,0,0,0,0,0,0,0,4.166,0,4.166,4.166,5.00116,0,5.00116,5.00116,6.59748,0.671904,5.72298,7.22098,15.7646,0.671904,14.8901,16.3881,
3.1,9,3,7,6,6,6,0,0,0,0,0,0,0,0,0,0,0,0,4.166,0,4.166,4.166,5.00116,0,5.00116,5.00116,6.31043,2.19843,3.12126,8.52341,15.4776,2.19843,12.2884,17.6906,
3.1,28,2,7,6,5,0,0,0,0,0,0,0,0,0,0,0,0,0,4.166,0,4.166,4.166,5.08403,0,5.08403,5.08403,12.5561,1.39136,10.8881,14.6401,21.8061,1.39136,20.1381,23.8901,
3.1,1,2,8,6,6,1,0,0,0,0,0,0,0,0,0,0,0,0,4.166,0,4.166,4.166,5.00116,0,5.00116,5.00116,11.5793,2.62532,6.53298,13.5958,20.7465,2.62532,15.7001,22.763,
3.1,12,3,8,5,4,4,0,0,0,0,0,0,0,0,0,0,0,0,4.166,0,4.166,4.166,5.00116,0,5.00116,5.00116,9.13205,1.11273,7.81326,10.517,18.2992,1.11273,16.9804,19.6841,
3.1,14,4,8,6,6,6,0,0,0,0,0,0,0,0,0,0,0,0,4.166,0,4.166,4.166,5.00116,0,5.00116,5.00116,4.28745,0.665518,2.93526,4.63698,13.4546,0.665518,12.1024,13.8041,
3.1,25,6,8,6,6,6,0,0,0,0,0,0,0,0,0,0,0,0,4.166,0,4.166,4.166,5.00116,0,5.00116,5.00116,3.71288,0.686047,2.95526,4.80384,12.88,0.686047,12.1224,13.971,
3.1,15,4,2,6,7,7,0,0,0,0,0,0,0,0,0,0,0,0,4.166,0,4.166,4.166,1.00072,0,1.00072,1.00072,4.71554,1.88957,3.74342,8.90742,9.88226,1.88957,8.91014,14.0741,
3.1,4,2,3,6,6,6,0,0,0,0,0,0,0,0,0,0,0,0,8.333,0,8.333,8.333,1.00072,0,1.00072,1.00072,4.8628,1.38147,2.70042,6.54899,14.1965,1.38147,12.0341,15.8827,
3.1,7,3,3,6,6,6,0,0,0,0,0,0,0,0,0,0,0,0,8.333,0,8.333,8.333,0,0,0,0,6.86947,2.73235,2.95114,9.18,15.2025,2.73235,11.2841,17.513,
3.1,11,3,3,6,4,2,0,0,0,0,0,0,0,0,0,0,0,0,8.333,0,8.333,8.333,0,0,0,0,8.9136,3.72596,5.49,12.1791,17.2466,3.72596,13.823,20.5121,
3.1,18,4,4,6,6,6,0,0,0,0,0,0,0,0,0,0,0,0,6.944,2.15183,4.166,8.333,0,0,0,0,4.87866,0.396934,4.51314,5.47643,11.8227,1.85178,9.26214,13.407,
3.1,22,5,4,5,4,4,0,0,0,0,0,0,0,0,0,0,0,0,8.333,0,8.333,8.333,1.00072,0,1.00072,1.00072,2.91192,0.298973,2.68242,3.34842,12.2456,0.298973,12.0161,12.6821,
3.1,6,2,5,6,6,6,0,0,0,0,0,0,0,0,0,0,0,0,8.333,0,8.333,8.333,1.00072,0,1.00072,1.00072,6.60387,1.56165,3.70042,7.98285,15.9376,1.56165,13.0341,17.3166,
3.1,23,5,5,6,6,6,0,0,0,0,0,0,0,0,0,0,0,0,8.333,0,8.333,8.333,0,0,0,0,2.84681,0.0742473,2.76314,2.93114,11.1798,0.0742473,11.0961,11.2641,
3.1,26,6,5,6,6,6,0,0,0,0,0,0,0,0,0,0,0,0,8.333,0,8.333,8.333,1.00072,0,1.00072,1.00072,4.24971,0.767124,2.70042,4.70242,13.5834,0.767124,12.0341,14.0361,
3.1,10,3,6,5,4,4,0,0,0,0,0,0,0,0,0,0,0,0,8.333,0,8.333,8.333,1.00072,0,1.00072,1.00072,8.85835,1.57264,7.26642,10.4397,18.1921,1.57264,16.6001,19.7734,
3.1,27,6,6,6,6,6,0,0,0,0,0,0,0,0,0,0,0,0,6.944,2.15183,4.166,8.333,0,0,0,0,3.77747,0.745244,2.84614,4.76514,10.7215,2.83086,7.01214,13.0981,
3.1,29,6,6,5,5,5,0,0,0,0,0,0,0,0,0,0,0,0,8.333,0,8.333,8.333,0,0,0,0,4.99571,0.634913,4.43314,5.91,13.3287,0.634913,12.7661,14.243,
3.2,2,2,7,6,6,6,0,0,0,0,0,0,0,0,0,0,0,0,4.166,0,4.166,4.166,5.00116,0,5.00116,5.00116,5.8695,0.368752,5.47698,6.40355,15.0367,0.368752,14.6441,15.5707,
3.2,8,3,7,6,6,1,0,0,0,0,0,0,0,0,0,0,0,0,4.166,0,4.166,4.166,5.00116,0,5.00116,5.00116,13.0296,2.67836,8.24812,15.5253,22.1967,2.67836,17.4153,24.6924,
3.2,9,3,7,6,6,3,0,0,0,0,0,0,0,0,0,0,0,0,4.166,0,4.166,4.166,5.00116,0,5.00116,5.00116,10.4513,1.56354,7.66098,12.2523,19.6185,1.56354,16.8281,21.4194,
3.2,28,2,7,6,6,1,0,0,0,0,0,0,0,0,0,0,0,0,4.166,0,4.166,4.166,5.08403,0,5.08403,5.08403,15.9913,5.66137,10.0601,25.2513,25.2414,5.66137,19.3101,34.5013,
3.2,1,2,8,6,6,1,0,0,0,0,0,0,0,0,0,0,0,0,4.166,0,4.166,4.166,5.00116,0,5.00116,5.00116,11.5684,0.925191,9.98012,12.6818,20.7356,0.925191,19.1473,21.849,
3.2,12,3,8,6,6,1,0,0,0,0,0,0,0,0,0,0,0,0,4.166,0,4.166,4.166,5.00116,0,5.00116,5.00116,13.2247,1.90957,9.85098,14.8173,22.3918,1.90957,19.0181,23.9844,
3.2,14,4,8,6,6,6,0,0,0,0,0,0,0,0,0,0,0,0,4.166,0,4.166,4.166,5.00116,0,5.00116,5.00116,4.70515,0.0784165,4.61784,4.80169,13.8723,0.0784165,13.785,13.9689,
3.2,25,6,8,6,6,6,0,0,0,0,0,0,0,0,0,0,0,0,4.166,0,4.166,4.166,5.00116,0,5.00116,5.00116,3.87164,0.202886,3.49498,4.07898,13.0388,0.202886,12.6621,13.2461,
3.2,15,4,2,6,6,6,0,0,0,0,0,0,0,0,0,0,0,0,4.166,0,4.166,4.166,1.00072,0,1.00072,1.00072,4.99709,0.217974,4.74742,5.33142,10.1638,0.217974,9.91414,10.4981,
3.2,4,2,3,6,6,6,0,0,0,0,0,0,0,0,0,0,0,0,8.333,0,8.333,8.333,1.00072,0,1.00072,1.00072,4.38763,0.249661,4.10656,4.65285,13.7214,0.249661,13.4403,13.9866,
3.2,7,3,3,6,6,4,0,0,0,0,0,0,0,0,0,0,0,0,8.333,0,8.333,8.333,0,0,0,0,10.4568,1.76526,7.598,12.1357,18.7898,1.76526,15.931,20.4687,
3.2,11,3,3,6,4,1,0,0,0,0,0,0,0,0,0,0,0,0,8.333,0,8.333,8.333,0,0,0,0,12.3002,0.723496,11.5403,13.2083,20.6332,0.723496,19.8733,21.5413,
3.2,18,4,4,6,6,6,0,0,0,0,0,0,0,0,0,0,0,0,8.333,0,8.333,8.333,0,0,0,0,4.76747,0.0742473,4.68314,4.85114,13.1005,0.0742473,13.0161,13.1841,
3.2,22,5,4,6,6,6,0,0,0,0,0,0,0,0,0,0,0,0,8.333,0,8.333,8.333,1.00072,0,1.00072,1.00072,2.76942,0.0751399,2.68442,2.85442,12.1031,0.0751399,12.0181,12.1881,
3.2,6,2,5,6,6,6,0,0,0,0,0,0,0,0,0,0,0,0,8.333,0,8.333,8.333,1.00072,0,1.00072,1.00072,6.8549,0.685765,5.95642,7.56156,16.1886,0.685765,15.2901,16.8953,
3.2,23,5,5,6,6,6,0,0,0,0,0,0,0,0,0,0,0,0,8.333,0,8.333,8.333,0,0,0,0,2.76747,0.0742473,2.68314,2.85114,11.1005,0.0742473,11.0161,11.1841,
3.2,26,6,5,6,6,6,0,0,0,0,0,0,0,0,0,0,0,0,8.333,0,8.333,8.333,1.00072,0,1.00072,1.00072,4.86085,0.484145,4.34928,5.45442,14.1946,0.484145,13.683,14.7881,
3.2,10,3,6,6,6,1,0,0,0,0,0,0,0,0,0,0,0,0,8.333,0,8.333,8.333,1.00072,0,1.00072,1.00072,11.6533,1.55776,8.77371,12.8597,20.9871,1.55776,18.1074,22.1934,
3.2,27,6,6,6,6,6,0,0,0,0,0,0,0,0,0,0,0,0,8.333,0,8.333,8.333,0,0,0,0,3.97581,0.202886,3.76714,4.35114,12.3088,0.202886,12.1001,12.6841,
3.2,29,6,6,6,6,6,0,0,0,0,0,0,0,0,0,0,0,0,8.333,0,8.333,8.333,0,0,0,0,5.59224,0.512121,4.93714,6.26914,13.9252,0.512121,13.2701,14.6021,
3.3,2,2,7,6,6,6,0,0,0,0,0,0,0,0,0,0,0,0,4.166,0,4.166,4.166,5.00116,0,5.00116,5.00116,8.20088,1.34923,5.94326,9.61126,17.368,1.34923,15.1104,18.7784,
3.3,8,3,7,6,6,4,0,0,0,0,0,0,0,0,0,0,0,0,4.166,0,4.166,4.166,5.00116,0,5.00116,5.00116,10.0961,3.31731,6.81298,15.4843,19.2632,3.31731,15.9801,24.6514,
3.3,9,3,7,6,6,5,0,0,0,0,0,0,0,0,0,0,0,0,4.166,0,4.166,4.166,5.00116,0,5.00116,5.00116,8.85117,1.72702,6.69012,11.415,18.0183,1.72702,15.8573,20.5821,
3.3,28,2,7,6,3,0,0,0,0,0,0,0,0,0,0,0,0,0,4.166,0,4.166,4.166,5.08403,0,5.08403,5.08403,24.9437,14.958,15.5747,42.1944,34.1938,14.958,24.8247,51.4444,
3.3,1,2,8,6,3,0,0,0,0,0,0,0,0,0,0,0,0,0,4.166,0,4.166,4.166,5.00116,0,5.00116,5.00116,13.8095,2.20056,11.791,16.1554,22.9767,2.20056,20.9581,25.3226,
3.3,12,3,8,6,6,5,0,0,0,0,0,0,0,0,0,0,0,0,4.166,0,4.166,4.166,5.00116,0,5.00116,5.00116,8.96081,1.7839,7.27298,12.2835,18.128,1.7839,16.4401,21.4507,
3.3,14,4,8,6,6,6,0,0,0,0,0,0,0,0,0,0,0,0,4.166,0,4.166,4.166,5.00116,0,5.00116,5.00116,4.74784,0.0877268,4.62184,4.87384,13.915,0.0877268,13.789,14.041,
3.3,25,6,8,6,6,6,0,0,0,0,0,0,0,0,0,0,0,0,4.166,0,4.166,4.166,5.00116,0,5.00116,5.00116,3.94112,0.261879,3.49898,4.22584,13.1083,0.261879,12.6661,13.393,
3.3,15,4,2,6,5,5,0,0,0,0,0,0,0,0,0,0,0,0,4.166,0,4.166,4.166,1.00072,0,1.00072,1.00072,5.31742,0.484655,4.74942,6.00142,10.4841,0.484655,9.91614,11.1681,
3.3,4,2,3,6,6,6,0,0,0,0,0,0,0,0,0,0,0,0,8.333,0,8.333,8.333,1.00072,0,1.00072,1.00072,7.80235,1.72047,4.45842,9.17471,17.1361,1.72047,13.7921,18.5084,
3.3,7,3,3,6,6,6,0,0,0,0,0,0,0,0,0,0,0,0,8.333,0,8.333,8.333,0,0,0,0,8.13938,1.57062,6.52,10.9591,16.4724,1.57062,14.853,19.2921,
3.3,11,3,3,6,6,5,0,0,0,0,0,0,0,0,0,0,0,0,8.333,0,8.333,8.333,0,0,0,0,7.36009,2.7897,5.43714,12.8406,15.6931,2.7897,13.7701,21.1736,
3.3,18,4,4,6,6,6,0,0,0,0,0,0,0,0,0,0,0,0,8.333,0,8.333,8.333,0,0,0,0,4.81314,0.0877268,4.68714,4.93914,13.1461,0.0877268,13.0201,13.2721,
3.3,22,5,4,6,6,6,0,0,0,0,0,0,0,0,0,0,0,0,8.333,0,8.333,8.333,1.00072,0,1.00072,1.00072,2.77342,0.0751399,2.68842,2.85842,12.1071,0.0751399,12.0221,12.1921,
3.3,6,2,5,6,6,6,0,0,0,0,0,0,0,0,0,0,0,0,8.333,0,8.333,8.333,1.00072,0,1.00072,1.00072,7.71902,0.816937,6.38699,8.74085,17.0527,0.816937,15.7207,18.0746,
3.3,23,5,5,6,6,6,0,0,0,0,0,0,0,0,0,0,0,0,8.333,0,8.333,8.333,0,0,0,0,2.77147,0.0742473,2.68714,2.85514,11.1045,0.0742473,11.0201,11.1881,
3.3,26,6,5,6,6,6,0,0,0,0,0,0,0,0,0,0,0,0,8.333,0,8.333,8.333,1.00072,0,1.00072,1.00072,5.3589,0.505947,4.35128,5.71042,14.6926,0.505947,13.685,15.0441,
3.3,10,3,6,6,6,5,0,0,0,0,0,0,0,0,0,0,0,0,8.333,0,8.333,8.333,1.00072,0,1.00072,1.00072,9.07997,1.85637,6.74928,11.9384,18.4137,1.85637,16.083,21.2721,
3.3,27,6,6,6,6,6,0,0,0,0,0,0,0,0,0,0,0,0,8.333,0,8.333,8.333,0,0,0,0,4.09588,0.189279,3.85314,4.35514,12.4289,0.189279,12.1861,12.6881,
3.3,29,6,6,6,5,4,0,0,0,0,0,0,0,0,0,0,0,0,8.333,0,8.333,8.333,0,0,0,0,7.71045,2.6444,5.834,12.1071,16.0435,2.6444,14.167,20.4401,
