Time,ueId,assoCell,compCell,taskCount,succCount,upWlMea,upWlStd,upWlMin,upWlMax,upWdMea,upWdStd,upWdMin,upWdMax,queMea,queStd,queMin,queMax,compMea, compStd, compMin, compMax,dnWdMea, dnWdStd, dnWdMin, dnWdMax,dnWlMea,dnWlStd, dnWlMin, dnWlMax
1,8,3,2,5,5,1.07143,0,1.07143,1.07143,0.500009,0,0.500009,0.500009,0,0,0,0,2,0,2,2,0.50072,0,0.50072,0.50072,4.40998,0,4.40998,4.40998,
1,7,3,3,6,6,1.10714,0,1.10714,1.10714,0,0,0,0,0,0,0,0,2,0,2,2,0,0,0,0,4.125,0,4.125,4.125,
1,3,2,4,5,5,1.01786,0,1.01786,1.01786,0.500009,0,0.500009,0.500009,0,0,0,0,2,0,2,2,0.50072,0,0.50072,0.50072,2.90998,0,2.90998,2.90998,
1,15,5,5,5,5,1.07143,0,1.07143,1.07143,0,0,0,0,0,0,0,0,2,0,2,2,0,0,0,0,2.91071,0,2.91071,2.91071,
1.1,19,6,8,6,6,1.19741,0,1.19741,1.19741,6.5,0,6.5,6.5,0,0,0,0,2,0,2,2,6.50116,0,6.50116,6.50116,2.74785,0,2.74785,2.74785,
1.1,8,3,2,7,7,1.07143,0,1.07143,1.07143,0.500009,0,0.500009,0.500009,0,0,0,0,2,0,2,2,0.50072,0,0.50072,0.50072,4.40998,0,4.40998,4.40998,
1.1,7,3,3,6,6,1.10714,0,1.10714,1.10714,0,0,0,0,0,0,0,0,2,0,2,2,0,0,0,0,4.125,0,4.125,4.125,
1.1,3,2,4,7,7,1.01786,0,1.01786,1.01786,0.500009,0,0.500009,0.500009,0,0,0,0,2,0,2,2,0.50072,0,0.50072,0.50072,2.90998,0,2.90998,2.90998,
1.1,15,5,5,7,7,1.07143,0,1.07143,1.07143,0,0,0,0,0,0,0,0,2,0,2,2,0,0,0,0,3.1403,0.10124,2.91071,3.17857,
1.2,8,3,2,6,6,1.07143,0,1.07143,1.07143,0.500009,0,0.500009,0.500009,0,0,0,0,2,0,2,2,0.50072,0,0.50072,0.50072,4.44867,0.094772,4.40998,4.64213,
1.2,7,3,3,6,6,1.10714,0,1.10714,1.10714,0,0,0,0,0,0,0,0,2,0,2,2,0,0,0,0,4.15178,0.0656116,4.125,4.28571,
1.2,3,2,4,6,6,1.01786,0,1.01786,1.01786,0.500009,0,0.500009,0.500009,0,0,0,0,2,0,2,2,0.50072,0,0.50072,0.50072,2.90998,0,2.90998,2.90998,
1.2,15,5,5,6,6,1.07143,0,1.07143,1.07143,0,0,0,0,0,0,0,0,2,0,2,2,0,0,0,0,3.11905,0.102062,2.91071,3.16071,
1.3,8,3,7,5,5,1.02936,0.0235185,1.01884,1.07143,5.3,2.68328,0.500009,6.5,0,0,0,0,3.6,0.894427,2,4,5.30107,2.68348,0.50072,6.50116,3.26242,0.791243,2.90857,4.67784,
1.3,17,6,7,4,4,1.13491,0.089285,1.09027,1.26884,6.5,0,6.5,6.5,0,0,0,0,4,0,4,4,6.50116,0,6.50116,6.50116,5.21214,0.798196,4.42643,5.92642,
1.3,3,2,9,3,0,1.07836,0.103097,1.01884,1.19741,11.5,0,11.5,11.5,0,0,0,0,7,0,7,7,11.5012,0,11.5012,11.5012,3.09904,0.103097,2.98,3.15857,
1.3,11,4,9,3,0,1.07836,0.103097,1.01884,1.19741,11.5,0,11.5,11.5,0,0,0,0,7,0,7,7,11.5012,0,11.5012,11.5012,2.8669,0.103097,2.74785,2.92642,
1.3,12,4,9,3,0,1.22717,0.0412401,1.17955,1.25098,11.5,0,11.5,11.5,0,0,0,0,7,0,7,7,11.5012,0,11.5012,11.5012,3.1169,0.103097,2.99785,3.17642,
1.3,15,6,2,4,4,1.07143,0,1.07143,1.07143,0.500009,0,0.500009,0.500009,0,0,0,0,2,0,2,2,0.50072,0,0.50072,0.50072,5.31623,0.729944,4.3207,6.05284,
1.3,5,3,3,5,5,1.10357,0.191662,1.01786,1.44643,0,0,0,0,0,0,0,0,2,0,2,2,0,0,0,0,2.875,0.0798589,2.73214,2.91071,
1.3,2,2,4,5,5,1.19286,0.0782455,1.10714,1.25,0.500009,0,0.500009,0.500009,0,0,0,0,2,0,2,2,0.50072,0,0.50072,0.50072,2.78856,0.0782455,2.73141,2.87427,
1.3,7,3,5,6,6,1.09226,0.00729009,1.08929,1.10714,0.416674,0.204128,0,0.500009,0,0,0,0,2,0,2,2,0.417267,0.204418,0,0.50072,3.1988,0.707442,2.90998,4.64286,
1.4,8,3,7,6,6,1.01884,0,1.01884,1.01884,6.5,0,6.5,6.5,0,0,0,0,4,0,4,4,6.50116,0,6.50116,6.50116,2.90857,0,2.90857,2.90857,
1.4,17,6,7,7,7,1.09027,0,1.09027,1.09027,6.5,0,6.5,6.5,0,0,0,0,4,0,4,4,6.50116,0,6.50116,6.50116,5.41877,0.0202479,5.37285,5.42642,
1.4,3,2,9,7,0,1.19741,0,1.19741,1.19741,11.5,0,11.5,11.5,0,0,0,0,7,0,7,7,11.5012,0,11.5012,11.5012,2.98,0,2.98,2.98,
1.4,11,4,9,6,0,1.19741,0,1.19741,1.19741,11.5,0,11.5,11.5,0,0,0,0,7,0,7,7,11.5012,0,11.5012,11.5012,2.74785,0,2.74785,2.74785,
1.4,12,4,9,6,0,1.17955,0,1.17955,1.17955,11.5,0,11.5,11.5,0,0,0,0,7,0,7,7,11.5012,0,11.5012,11.5012,2.74785,0,2.74785,2.74785,
1.4,15,6,2,7,7,1.07398,0.00674931,1.07143,1.08929,0.500009,0,0.500009,0.500009,0,0,0,0,2,0,2,2,0.50072,0,0.50072,0.50072,5.05029,0.00674931,5.03498,5.05284,
1.4,5,3,3,7,7,1.01786,0,1.01786,1.01786,0,0,0,0,0,0,0,0,2,0,2,2,0,0,0,0,2.91071,0,2.91071,2.91071,
1.4,2,2,4,6,6,1.25,0,1.25,1.25,0.500009,0,0.500009,0.500009,0,0,0,0,2,0,2,2,0.50072,0,0.50072,0.50072,2.73141,0,2.73141,2.73141,
1.4,7,3,5,7,7,1.08929,0,1.08929,1.08929,0.500009,0,0.500009,0.500009,0,0,0,0,2,0,2,2,0.50072,0,0.50072,0.50072,2.90998,0,2.90998,2.90998,
1.5,8,3,7,6,6,1.01884,0,1.01884,1.01884,6.5,0,6.5,6.5,0,0,0,0,4,0,4,4,6.50116,0,6.50116,6.50116,2.90857,0,2.90857,2.90857,
1.5,17,6,7,6,6,1.09027,0,1.09027,1.09027,6.5,0,6.5,6.5,0,0,0,0,4,0,4,4,6.50116,0,6.50116,6.50116,4.61988,0.00729009,4.605,4.62285,
1.5,3,2,9,6,0,1.19741,0,1.19741,1.19741,11.5,0,11.5,11.5,0,0,0,0,7,0,7,7,11.5012,0,11.5012,11.5012,2.98,0,2.98,2.98,
1.5,11,4,9,6,0,1.19741,0,1.19741,1.19741,11.5,0,11.5,11.5,0,0,0,0,7,0,7,7,11.5012,0,11.5012,11.5012,2.74785,0,2.74785,2.74785,
1.5,12,4,9,6,0,1.60813,0.596332,1.17955,2.67955,11.5,0,11.5,11.5,0,0,0,0,7,0,7,7,11.5012,0,11.5012,11.5012,3.93238,0.351503,3.24785,4.23,
1.5,15,6,2,6,6,1.07143,0,1.07143,1.07143,0.500009,0,0.500009,0.500009,0,0,0,0,2,0,2,2,0.50072,0,0.50072,0.50072,5.3207,0,5.3207,5.3207,
1.5,2,2,4,7,7,1.25,0,1.25,1.25,0.500009,0,0.500009,0.500009,0,0,0,0,2,0,2,2,0.50072,0,0.50072,0.50072,2.80284,0.188982,2.73141,3.23141,
1.5,7,3,5,6,6,1.08929,0,1.08929,1.08929,0.500009,0,0.500009,0.500009,0,0,0,0,2,0,2,2,0.50072,0,0.50072,0.50072,2.90998,0,2.90998,2.90998,
1.6,17,6,7,6,6,1.20932,0.0922132,1.09027,1.26884,6.5,0,6.5,6.5,0,0,0,0,2.33333,0.816497,2,4,6.50134,0.000428252,6.50116,6.50221,4.03339,0.811096,3.19323,5.17642,
1.6,3,2,8,5,4,1.19384,0.00798589,1.17955,1.19741,7.5,2.23607,6.5,11.5,0,0,0,0,4.6,1.34164,4,7,7.50116,2.23607,6.50116,11.5012,3.18714,0.300032,2.99785,3.69428,
1.6,14,5,8,4,4,1.67956,0.285715,1.25098,1.82241,6.5,0,6.5,6.5,0,0,0,0,4,0,4,4,6.50116,0,6.50116,6.50116,3.87732,0.417357,3.42642,4.42642,
1.6,8,3,2,6,6,1.33052,0.168572,1.01884,1.42857,1.50001,2.44949,0.500009,6.5,0,0,0,0,4,0,4,4,1.50079,2.44967,0.50072,6.50116,4.60618,1.21363,2.90857,5.74927,
1.6,19,6,2,5,5,1.24286,0.303466,1.10714,1.78571,0.500009,0,0.500009,0.500009,0,0,0,0,4,0,4,4,0.50072,0,0.50072,0.50072,4.38856,0.328882,3.80284,4.55284,
1.6,11,4,3,6,5,1.16683,0.0149811,1.16071,1.19741,2.33334,4.49073,0.500009,11.5,0,0,0,0,7,0,7,7,2.33413,4.49091,0.50072,11.5012,3.67165,1.60316,2.74785,6.87427,
1.6,12,2,3,6,5,1.49719,0.337955,1.17955,2.16071,2.33334,4.49073,0.500009,11.5,0,0,0,0,7,0,7,7,2.33413,4.49091,0.50072,11.5012,3.19249,0.625034,2.73141,3.99785,
1.6,20,6,3,5,5,1.34643,0.33541,1.19643,1.94643,0.500009,0,0.500009,0.500009,0,0,0,0,7,0,7,7,0.50072,0,0.50072,0.50072,2.76356,0.0718739,2.73141,2.89213,
1.6,7,3,4,5,5,1.20714,0.133391,1.03571,1.41071,0.500009,0,0.500009,0.500009,0,0,0,0,4,0,4,4,0.50072,0,0.50072,0.50072,3.0707,0.46153,2.6957,3.76713,
1.6,9,4,4,0,0,0,0,0,0,0,0,0,0,0,0,0,0,0,0,0,0,0,0,0,0,0,0,0,0,
1.6,2,2,6,6,6,1.04762,0.0729009,1.01786,1.19643,0.500009,0,0.500009,0.500009,0,0,0,0,7,0,7,7,0.50072,0,0.50072,0.50072,3.21356,0.358747,3.05284,3.9457,
1.6,6,3,6,3,0,1.64286,0.493258,1.25,2.19643,0.500009,0,0.500009,0.500009,0,0,0,0,7,0,7,7,0.50072,0,0.50072,0.50072,20.285,8.35737,11.9636,28.6778,
1.6,15,5,6,5,5,1.03929,0.0931312,0.946427,1.19643,0.500009,0,0.500009,0.500009,0,0,0,0,7,0,7,7,0.50072,0,0.50072,0.50072,3.08856,0.505077,2.73141,3.98141,
1.7,17,6,7,7,7,1.26884,0,1.26884,1.26884,6.5,0,6.5,6.5,0,0,0,0,2,0,2,2,6.50116,0,6.50116,6.50116,3.79632,0.310446,3.46214,4.46214,
1.7,3,2,8,7,7,1.19741,0,1.19741,1.19741,6.5,0,6.5,6.5,0,0,0,0,4,0,4,4,6.50116,0,6.50116,6.50116,3.30908,0.30927,2.99785,3.98,
1.7,14,5,8,6,1,1.23908,0.302765,1.07241,1.82241,6.5,0,6.5,6.5,0,0,0,0,4,0,4,4,6.50307,0.00467077,6.50116,6.5126,17.0674,10.6188,4.15857,31.915,
1.7,8,3,2,7,7,1.42602,0.00674931,1.41071,1.42857,0.500009,0,0.500009,0.500009,0,0,0,0,4,0,4,4,0.50072,0,0.50072,0.50072,3.34876,1.45799,2.6957,6.64213,
1.7,19,6,2,7,6,1.10714,0,1.10714,1.10714,0.500009,0,0.500009,0.500009,0,0,0,0,4,0,4,4,0.50072,0,0.50072,0.50072,6.76968,5.74795,4.55284,19.8028,
1.7,11,4,3,6,6,1.16667,0.041752,1.08929,1.19643,0.500009,0,0.500009,0.500009,0,0,0,0,7,0,7,7,0.50072,0,0.50072,0.50072,2.90106,0.144521,2.71356,3.15998,
1.7,12,2,3,6,6,1.66071,0.387298,1.41071,2.16071,0.500009,0,0.500009,0.500009,0,0,0,0,7,0,7,7,0.50072,0,0.50072,0.50072,4.15701,0.495312,3.73141,4.99927,
1.7,20,6,3,6,6,1.19345,0.00729009,1.17857,1.19643,0.500009,0,0.500009,0.500009,0,0,0,0,7,0,7,7,0.50072,0,0.50072,0.50072,2.73439,0.00729009,2.73141,2.74927,
1.7,7,3,4,6,6,1.09821,0.170813,1.01786,1.44643,0.500009,0,0.500009,0.500009,0,0,0,0,4,0,4,4,0.50072,0,0.50072,0.50072,3.05879,0.333057,2.85641,3.65998,
1.7,9,4,4,9,5,1.26389,0.299444,1.07143,1.82143,0,0,0,0,0,0,0,0,4,0,4,4,0,0,0,0,20.7857,19.1714,4.26786,48.6786,
1.7,2,2,6,6,5,1.01786,0,1.01786,1.01786,0.500009,0,0.500009,0.500009,0,0,0,0,7,0,7,7,0.50072,0,0.50072,0.50072,6.08856,6.48109,3.05284,19.2671,
1.7,6,3,6,8,4,1.60491,0.383164,1,1.94643,0.500009,0,0.500009,0.500009,0,0,0,0,7,0,7,7,0.50072,0,0.50072,0.50072,16.5595,13.2086,4.30284,38.1243,
1.7,15,5,6,6,6,1.16667,0.0729009,1.01786,1.19643,0.500009,0,0.500009,0.500009,0,0,0,0,7,0,7,7,0.50072,0,0.50072,0.50072,2.76118,0.0729009,2.73141,2.90998,
1.8,17,6,7,6,6,1.26884,0,1.26884,1.26884,6.5,0,6.5,6.5,0,0,0,0,2,0,2,2,6.50151,0.000541701,6.50116,6.50221,2.72965,0.000541701,2.72895,2.73,
1.8,3,2,8,6,6,1.09027,0.0829918,1.0367,1.19741,6.5,0,6.5,6.5,0,0,0,0,4,0,4,4,6.50116,0,6.50116,6.50116,2.88178,0.0858257,2.73,2.99785,
1.8,14,5,8,7,5,1.22037,0.161609,1.07241,1.50098,6.5,0,6.5,6.5,0,0,0,0,4,0,4,4,6.5028,0.00432429,6.50116,6.5126,10.3636,11.0256,3.64071,32.8971,
1.8,8,3,2,6,6,1.66369,0.364639,1.42857,2.16071,0.500009,0,0.500009,0.500009,0,0,0,0,4,0,4,4,0.50072,0,0.50072,0.50072,4.10939,0.579894,3.48141,4.99927,
1.8,19,6,2,6,6,1.10714,0,1.10714,1.10714,0.500009,0,0.500009,0.500009,0,0,0,0,4,0,4,4,0.50072,0,0.50072,0.50072,2.90998,0,2.90998,2.90998,
1.8,11,4,3,5,5,1.37143,0.308882,1.16071,1.91071,0.500009,0,0.500009,0.500009,0,0,0,0,7,0,7,7,0.50072,0,0.50072,0.50072,4.10998,0.500382,3.58856,4.64213,
1.8,12,2,3,6,6,1.41667,0.371439,1.23214,2.16071,0.500009,0,0.500009,0.500009,0,0,0,0,7,0,7,7,0.50072,0,0.50072,0.50072,3.63022,0.197131,3.24927,3.8207,
1.8,20,6,3,6,6,1.18155,0.00729009,1.17857,1.19643,0.500009,0,0.500009,0.500009,0,0,0,0,7,0,7,7,0.50072,0,0.50072,0.50072,2.74629,0.00729009,2.73141,2.74927,
1.8,7,3,4,6,6,1.24405,0.197777,1.01786,1.51786,0.500009,0,0.500009,0.500009,0,0,0,0,4,0,4,4,0.50072,0,0.50072,0.50072,2.82368,0.170689,2.6957,3.14213,
1.8,9,4,4,1,1,1.07143,0,1.07143,1.07143,0,0,0,0,0,0,0,0,4,0,4,4,0,0,0,0,4.42857,0,4.42857,4.42857,
1.8,2,2,6,6,6,1.01786,0,1.01786,1.01786,0.500009,0,0.500009,0.500009,0,0,0,0,4.5,1.22474,4,7,0.50072,0,0.50072,0.50072,3.02606,0.133033,2.90998,3.17784,
1.8,15,5,6,6,5,4.86012,7.32888,1.19643,19.6964,0.500011,3.67423e-06,0.500009,0.500018,0.666665,1.63299,0,3.99999,4.5,1.22474,4,7,0.50072,0,0.50072,0.50072,6.30582,1.62056,3.98141,8.12427,
1.9,17,6,7,6,6,1.14979,0.0922132,1.09027,1.26884,6.5,0,6.5,6.5,0,0,0,0,3.66667,0.816497,2,4,6.50116,0,6.50116,6.50116,3.66154,0.808391,2.73,4.39071,
1.9,19,6,7,6,6,1.03356,0.0360495,1.01884,1.10714,5.5,2.44949,0.500009,6.5,0,0,0,0,4,0,4,4,5.50109,2.44967,0.50072,6.50116,3.07845,0.303676,2.90857,3.65857,
1.9,2,2,8,4,1,1.42507,0.359381,1.01786,1.89384,5,3,0.500009,6.5,0,0,0,0,6.25,1.5,4,7,5.00105,3.00022,0.50072,6.50116,14.8819,7.87888,3.42784,21.1398,
1.9,10,4,8,4,1,1.2242,0.089285,1.09027,1.26884,6.5,0,6.5,6.5,0,0,0,0,7,0,7,7,6.50116,0,6.50116,6.50116,3.90857,1.25365,2.73,5.67642,
1.9,15,4,8,1,1,1.91071,0,1.91071,1.91071,0.500009,0,0.500009,0.500009,0,0,0,0,4,0,4,4,0.50072,0,0.50072,0.50072,6.78498,0,6.78498,6.78498,
1.9,12,4,9,4,1,1.27752,0.178356,1.09027,1.51884,8.75,5.5,0.500009,11.5,0,0,0,0,7,0,7,7,8.76731,5.51114,0.50072,11.5662,4.03553,0.923673,2.93284,5.17642,
1.9,16,5,9,2,0,1.19741,0,1.19741,1.19741,11.5,0,11.5,11.5,0,0,0,0,7,0,7,7,11.5012,0,11.5012,11.5012,5.31035,0.441942,4.99785,5.62286,
1.9,20,6,9,4,1,1.1927,0.0094205,1.17857,1.19741,8.75,5.5,0.500009,11.5,0,0,0,0,7,0,7,7,8.75105,5.50022,0.50072,11.5012,3.60535,0.57072,2.74927,3.89071,
1.9,4,2,2,4,1,1.4375,0.233967,1.14286,1.64286,0,0,0,0,0,0,0,0,4,0,4,4,0,0,0,0,14.7902,4.02776,9.17857,17.9643,
1.9,8,2,2,1,0,1.42857,0,1.42857,1.42857,0.500009,0,0.500009,0.500009,0,0,0,0,4,0,4,4,0.50072,0,0.50072,0.50072,64.2136,0,64.2136,64.2136,
1.9,1,2,3,4,0,1.23661,0.116071,1.17857,1.41071,0.500009,0,0.500009,0.500009,0,0,0,0,4,0,4,4,0.50072,0,0.50072,0.50072,17.5886,3.73287,12.6778,21.66,
1.9,7,3,3,7,7,1.07908,0.0581902,1,1.19643,0.0714299,0.188986,0,0.500009,0,0,0,0,4,0,4,4,0.0715314,0.189254,0,0.50072,2.85449,0.096599,2.6957,2.91071,
1.9,11,2,4,5,1,1.46786,0.404534,1.16071,1.91071,0.500009,0,0.500009,0.500009,0,0,0,0,4,2.73861,2,7,0.50072,0,0.50072,0.50072,18.7207,10.2112,3.92784,31.8564,
1.9,3,2,6,4,0,1.19196,0.204319,0.946427,1.44643,0.500009,0,0.500009,0.500009,0,0,0,0,9,0,9,9,0.50072,0,0.50072,0.50072,15.3743,3.91211,9.83856,18.3921,
1.9,9,2,6,0,0,0,0,0,0,0,0,0,0,0,0,0,0,0,0,0,0,0,0,0,0,0,0,0,0,
1.9,13,5,6,4,3,1.0625,0.089285,1.01786,1.19643,0.500009,0,0.500009,0.500009,0,0,0,0,9,0,9,9,0.50072,0,0.50072,0.50072,9.43231,7.23956,4.42784,20.1778,
1.9,14,5,6,5,5,1.30357,0.196022,1.01786,1.44643,0.500009,0,0.500009,0.500009,0,0,0,0,9,0,9,9,0.50072,0,0.50072,0.50072,2.77427,0.0763896,2.73141,2.90998,
2,17,6,7,6,6,1.09027,0,1.09027,1.09027,6.5,0,6.5,6.5,0,0,0,0,4,0,4,4,6.50116,0,6.50116,6.50116,4.47404,0.129099,4.39071,4.64071,
2,19,6,7,6,6,1.01884,0,1.01884,1.01884,6.5,0,6.5,6.5,0,0,0,0,4,0,4,4,6.50116,0,6.50116,6.50116,2.90857,0,2.90857,2.90857,
2,2,2,8,5,0,1.51884,0.356696,1.14384,2.07241,6.5,0,6.5,6.5,0,0,0,0,7,0,7,7,6.50116,0,6.50116,6.50116,30.5621,4.44066,25.2121,35.1407,
2,10,4,8,6,2,1.18253,0.0817661,1.10813,1.26884,6.5,0,6.5,6.5,0,0,0,0,7,0,7,7,6.50116,0,6.50116,6.50116,4.90559,2.2346,2.73,7.76571,
2,15,4,8,0,0,0,0,0,0,0,0,0,0,0,0,0,0,0,0,0,0,0,0,0,0,0,0,0,0,
2,12,4,9,6,0,1.51884,0.387298,1.26884,2.01884,11.5,0,11.5,11.5,0,0,0,0,7,0,7,7,11.5109,0.0188807,11.5012,11.5483,5.17856,2.29094,3.11141,8.89071,
2,16,5,9,7,0,1.19741,0,1.19741,1.19741,11.5,0,11.5,11.5,0,0,0,0,7,0,7,7,11.5012,0,11.5012,11.5012,5.29377,0.789955,3.87285,6.21214,
2,20,6,9,6,0,1.19741,0,1.19741,1.19741,11.5,0,11.5,11.5,0,0,0,0,7,0,7,7,11.5012,0,11.5012,11.5012,3.97405,0.129099,3.89071,4.14071,
2,4,2,2,5,0,7.83214,10.6398,1.125,25.6429,0,0,0,0,0.853571,1.64346,0,3.76786,4,0,4,4,0,0,0,0,28.7714,11.3917,17.6964,46.3393,
2,8,2,2,2,0,12.6786,16.2635,1.17857,24.1786,0,0,0,0,0,0,0,0,4,0,4,4,0,0,0,0,105,14.2179,94.9464,115.054,
2,1,2,3,4,0,1.47321,0.473242,1.16071,2.16071,0.500009,0,0.500009,0.500009,0,0,0,0,4,0,4,4,0.50072,0,0.50072,0.50072,32.2493,5.12437,26.9457,39.0886,
2,7,3,3,6,6,1.07143,0,1.07143,1.07143,0,0,0,0,0,0,0,0,4,0,4,4,0,0,0,0,2.91071,0,2.91071,2.91071,
2,11,2,4,4,0,5.53125,7.9327,1.375,17.4286,0.500009,0,0.500009,0.500009,0.446429,0.892857,0,1.78571,2,0,2,2,0.50072,0,0.50072,0.50072,43.6421,13.7121,25.3386,57.41,
2,3,2,6,6,0,1.47917,0.098727,1.41071,1.67857,0.500009,0,0.500009,0.500009,0,0,0,0,9,0,9,9,0.50072,0,0.50072,0.50072,27.4368,4.10613,22.16,33.0886,
2,9,2,6,1,0,1.39286,0,1.39286,1.39286,0.500009,0,0.500009,0.500009,0,0,0,0,9,0,9,9,0.50072,0,0.50072,0.50072,18.4636,0,18.4636,18.4636,
2,13,5,6,7,3,1.30357,0.283473,1.19643,1.94643,0.500009,0,0.500009,0.500009,0,0,0,0,9,0,9,9,0.50072,0,0.50072,0.50072,6.97376,0.651387,5.96356,7.73141,
2,14,5,6,6,6,1.30357,0.20947,1.16071,1.67857,0.500009,0,0.500009,0.500009,0,0,0,0,9,0,9,9,0.50072,0,0.50072,0.50072,3.72546,0.908272,2.73141,5.10642,
2.1,17,6,7,6,6,1.09027,0,1.09027,1.09027,6.5,0,6.5,6.5,0,0,0,0,4,0,4,4,6.50116,0,6.50116,6.50116,3.81631,1.41576,2.90857,5.89071,
2.1,19,6,7,6,6,1.1617,0.271991,1.01884,1.69741,6.5,0,6.5,6.5,0,0,0,0,4,0,4,4,6.50116,0,6.50116,6.50116,3.17047,0.294868,2.73,3.42642,
2.1,2,2,8,5,0,1.7617,0.599293,1.10813,2.37598,6.5,0,6.5,6.5,0,0,0,0,7,0,7,7,6.50116,0,6.50116,6.50116,47.4764,6.10348,40.4621,55.98,
2.1,10,4,8,6,0,1.27777,0.282741,1.10813,1.84027,6.5,0,6.5,6.5,0,0,0,0,7,0,7,7,6.50116,0,6.50116,6.50116,7.40559,6.40554,3.76571,20.1407,
2.1,15,4,8,1,0,1.23313,0,1.23313,1.23313,6.5,0,6.5,6.5,0,0,0,0,7,0,7,7,6.50116,0,6.50116,6.50116,82.1764,0,82.1764,82.1764,
2.1,12,4,9,7,0,1.43721,0.332619,1.09027,2.00098,11.5,0,11.5,11.5,0,0,0,0,5.28571,1.60357,4,7,11.5012,0,11.5012,11.5012,4.4851,2.22522,2.90857,9.26571,
2.1,16,5,9,6,0,1.2361,0.103766,1.17955,1.44741,11.5,0,11.5,11.5,0,0,0,0,5,1.54919,4,7,11.5012,0,11.5012,11.5012,4.92345,0.861923,4.12286,6.40857,
2.1,4,2,2,5,0,1.325,0.333216,1.10714,1.89286,0,0,0,0,0,0,0,0,4,0,4,4,0,0,0,0,56.9929,5.06982,51.1786,64.1786,
2.1,8,2,2,3,0,14.9643,9.45942,8.64286,25.8393,0,0,0,0,2.32143,2.01113,0,3.53571,4,0,4,4,0,0,0,0,172.792,24.7899,157.982,201.411,
2.1,1,2,3,4,0,1.40178,0.196969,1.16071,1.64286,0.500009,0,0.500009,0.500009,0,0,0,0,4,0,4,4,0.50072,0,0.50072,0.50072,62.843,17.9535,44.91,86.91,
2.1,7,3,3,6,6,1.07143,0,1.07143,1.07143,0,0,0,0,0,0,0,0,4,0,4,4,0,0,0,0,2.90476,0.0145802,2.875,2.91071,
2.1,11,2,4,4,0,10.4821,11.7933,1.92857,26.9286,0.500009,0,0.500009,0.500009,0.446429,0.892857,0,1.78571,2,0,2,2,0.50072,0,0.50072,0.50072,76.6421,15.1025,61.66,92.91,
2.1,3,2,6,5,0,1.22143,0.107588,1.14286,1.41071,0.500009,0,0.500009,0.500009,0,0,0,0,9,0,9,9,0.50072,0,0.50072,0.50072,45.0778,6.25957,37.6957,53.16,
2.1,9,2,6,5,0,1.81071,0.746869,1.10714,2.83928,0.500009,0,0.500009,0.500009,0,0,0,0,9,0,9,9,0.50072,0,0.50072,0.50072,29.0886,6.97054,21.2314,38.1064,
2.1,13,5,6,4,0,1.31696,0.424428,0.946427,1.92857,0.500009,0,0.500009,0.500009,0,0,0,0,9,0,9,9,0.50072,0,0.50072,0.50072,19.9859,7.20494,9.26713,24.7314,
2.1,14,5,6,6,6,1.34226,0.385882,0.92857,1.94643,0.500009,0,0.500009,0.500009,0,0,0,0,9,0,9,9,0.50072,0,0.50072,0.50072,4.72546,1.20266,2.74927,5.96356,
2.2,1,4,7,6,0,13.2411,15.3823,1.16071,39.6607,0.500011,3.67423e-06,0.500009,0.500018,2.33333,3.08896,0,7.74999,4,0,4,4,0.50072,0,0.50072,0.50072,106.136,7.93869,91.5528,113.499,
2.2,12,4,7,5,4,1.29384,0.0573104,1.25098,1.39384,7.5,2.23607,6.5,11.5,0,0,0,0,4,0,4,4,7.50116,2.23607,6.50116,11.5012,4.84428,1.19667,2.76571,5.855,
2.2,2,2,8,10,1,1.30464,0.162414,1.12598,1.62598,6.5,0,6.5,6.5,0,0,0,0,5.5,1.58114,4,7,6.50116,0,6.50116,6.50116,39.6585,21.106,5.46214,61.1586,
2.2,3,2,8,6,2,1.55985,0.374769,1.16071,2.17857,2.50001,3.09838,0.500009,6.5,0,0,0,0,7.33333,2.58199,4,9,2.50087,3.09861,0.50072,6.50116,35.2548,24.4826,2.94428,55.6778,
2.2,7,3,9,4,1,1.95185,1.3543,1.07143,3.96616,8.625,5.75,0,11.5,0,0,0,0,7.75,2.5,4,9,8.62587,5.75058,0,11.5012,8.47585,3.81917,2.91071,11.48,
2.2,9,2,9,5,0,1.48968,0.0943506,1.39286,1.60714,4.90001,6.02494,0.500009,11.5,0,0,0,0,9,0,9,9,4.9009,6.02519,0.50072,11.5012,24.1987,19.0159,3.24785,40.9457,
2.2,13,2,9,3,0,1.34524,0.359072,0.946427,1.64286,0.500009,0,0.500009,0.500009,0,0,0,0,9,0,9,9,0.50072,0,0.50072,0.50072,36.4695,24.6196,14.7493,63.2136,
2.2,14,5,9,4,1,1.3177,0.224368,1.10813,1.60813,8.75,5.5,0.500009,11.5,0,0,0,0,9,0,9,9,8.75105,5.50022,0.50072,11.5012,6.4491,1.15622,5.12427,7.90857,
2.2,19,6,2,6,6,1.16385,0.0713993,1.01884,1.19643,1.50001,2.44949,0.500009,6.5,0,0,0,0,2.33333,0.816497,2,4,1.50079,2.44967,0.50072,6.50116,3.51392,0.636951,2.73141,4.26713,
2.2,5,3,3,5,5,1.78214,0.445069,1.25,2.25,0,0,0,0,0,0,0,0,4,0,4,4,0,0,0,0,9.52857,1.0493,8.42857,11.1429,
2.2,11,3,3,0,0,0,0,0,0,0,0,0,0,0,0,0,0,0,0,0,0,0,0,0,0,0,0,0,0,
2.2,4,2,4,6,0,1.38393,0.170065,1.10714,1.64286,0.0833348,0.204128,0,0.500009,0,0,0,0,5.33333,3.26599,4,12,0.0834533,0.204418,0,0.50072,59.8213,26.5235,5.98141,73.0893,
2.2,8,3,4,3,0,9.70833,13.1193,2.125,24.8571,0,0,0,0,0,0,0,0,4,0,4,4,0,0,0,0,262.226,20.1285,239.464,277.679,
2.2,10,4,4,6,2,1.27695,0.284647,1,1.73214,1.08333,2.65361,0,6.5,0,0,0,0,11.1667,2.04124,7,12,1.08353,2.65409,0,6.50116,4.44012,1.25764,2.73214,5.39071,
2.2,15,5,4,1,0,1.9117,0,1.9117,1.9117,6.5,0,6.5,6.5,0,0,0,0,7,0,7,7,6.50116,0,6.50116,6.50116,189.194,0,189.194,189.194,
2.2,17,6,4,6,6,1.00016,0.166858,0.75,1.25,1.50001,2.44949,0.500009,6.5,0,0,0,0,10.6667,3.26599,4,12,1.50079,2.44967,0.50072,6.50116,2.95142,0.0881025,2.89213,3.12427,
2.2,6,5,5,0,0,0,0,0,0,0,0,0,0,0,0,0,0,0,0,0,0,0,0,0,0,0,0,0,0,
2.2,16,5,6,6,5,1.22635,0.209106,0.947411,1.53571,2.33334,4.49073,0.500009,11.5,0,0,0,0,4,0,4,4,2.33413,4.49091,0.50072,11.5012,6.79368,1.10172,5.15857,8.40999,
2.2,18,6,6,6,6,1.09226,0.00729009,1.08929,1.10714,0,0,0,0,0,0,0,0,4,0,4,4,0,0,0,0,3.24405,0.825276,2.89286,4.92857,
2.3,1,4,7,4,1,1.71527,0.322749,1.34027,2.09027,6.5,0,6.5,6.5,0,0,0,0,4,0,4,4,6.50116,0,6.50116,6.50116,11.0514,5.62435,5.24785,16.2479,
2.3,12,4,7,6,0,1.17956,0.107736,1.10813,1.37599,6.5,0,6.5,6.5,0,0,0,0,4,0,4,4,6.50116,0,6.50116,6.50116,20.1824,6.01836,11.7657,27.8907,
2.3,2,2,8,6,2,1.27182,0.0877843,1.21527,1.39384,6.5,0,6.5,6.5,0,0,0,0,4,0,4,4,6.50116,0,6.50116,6.50116,7.9294,2.81739,4.48,12.0693,
2.3,3,2,8,6,3,1.32539,0.0134423,1.30455,1.34027,6.5,0,6.5,6.5,0,0,0,0,4,0,4,4,6.50116,0,6.50116,6.50116,6.53654,2.93854,2.98,10.9443,
2.3,7,3,9,6,0,1.29875,0.0994787,1.25098,1.50098,11.5,0,11.5,11.5,0,0,0,0,9,0,9,9,11.5012,0,11.5012,11.5012,9.41735,0.667009,8.37285,10.23,
2.3,9,2,9,5,0,4.07241,6.10029,1.26884,14.9831,11.5,0,11.5,11.5,1.28929,2.88293,0,6.44643,9,0,9,9,11.5012,0,11.5012,11.5012,22.6621,13.871,8.48,38.7836,
2.3,13,2,9,0,0,0,0,0,0,0,0,0,0,0,0,0,0,0,0,0,0,0,0,0,0,0,0,0,0,
2.3,14,5,9,7,0,1.35813,0.107638,1.26884,1.59027,11.5,0,11.5,11.5,0,0,0,0,9,0,9,9,11.5012,0,11.5012,11.5012,4.23255,1.93227,2.74785,7.17643,
2.3,19,6,2,7,7,1.19643,0,1.19643,1.19643,0.500009,0,0.500009,0.500009,0,0,0,0,2,0,2,2,0.50072,0,0.50072,0.50072,2.76713,0.0944911,2.73141,2.98141,
2.3,5,3,3,6,6,1.38691,0.311691,1.17857,1.98214,0,0,0,0,0,0,0,0,4,0,4,4,0,0,0,0,9.09821,0.610991,8.17857,9.94643,
2.3,11,3,3,0,0,0,0,0,0,0,0,0,0,0,0,0,0,0,0,0,0,0,0,0,0,0,0,0,0,
2.3,4,2,4,6,0,1.36309,0.251948,1.14286,1.66071,0.500009,0,0.500009,0.500009,0,0,0,0,12,0,12,12,0.50072,0,0.50072,0.50072,7.57665,2.44523,4.23141,10.9278,
2.3,8,3,4,11,0,6.13474,8.62694,1.07143,29.125,0.0454554,0.150758,0,0.500009,0.948052,1.62738,0,3.69643,4.72727,2.41209,4,12,0.04552,0.150973,0,0.50072,190.987,64.4685,8.17784,244.875,
2.3,10,4,4,5,0,1.3,0.217755,1.07143,1.55357,0,0,0,0,0,0,0,0,12,0,12,12,0,0,0,0,12.2143,8.86758,4.66071,22.9821,
2.3,15,5,4,9,2,1.57208,0.369328,1.01786,2.1617,4.5,3,0.500009,6.5,0,0,0,0,8.66667,2.5,7,12,4.50101,3.00022,0.50072,6.50116,105.78,77.9597,2.73141,182.676,
2.3,17,6,4,6,6,1.09821,0.166274,0.946427,1.25,0.500009,0,0.500009,0.500009,0,0,0,0,12,0,12,12,0.50072,0,0.50072,0.50072,2.91891,0.0293431,2.89213,2.9457,
2.3,6,5,5,0,0,0,0,0,0,0,0,0,0,0,0,0,0,0,0,0,0,0,0,0,0,0,0,0,0,
2.3,16,5,6,7,7,1.20408,0.0915521,1.10714,1.28571,0.500009,0,0.500009,0.500009,0,0,0,0,4,0,4,4,0.50072,0,0.50072,0.50072,4.72376,1.46591,2.73141,6.71356,
2.3,18,6,6,6,6,1.08929,0,1.08929,1.08929,0,0,0,0,0,0,0,0,4,0,4,4,0,0,0,0,2.91071,0,2.91071,2.91071,
2.4,1,4,7,8,5,1.39417,0.111007,1.32241,1.59116,6.5,0,6.5,6.5,0,0,0,0,4,0,4,4,6.50116,0,6.50116,6.50116,8.20734,8.68429,2.73,28.1577,
2.4,12,4,7,7,5,1.22292,0.155626,1.10813,1.5367,6.5,0,6.5,6.5,0,0,0,0,4,0,4,4,6.50116,0,6.50116,6.50116,5.45449,2.47965,2.94428,9.01571,
2.4,3,2,8,6,5,1.32836,0.0145802,1.30455,1.34027,6.5,0,6.5,6.5,0,0,0,0,2.33333,0.816497,2,4,6.50116,0,6.50116,6.50116,6.22107,1.20706,4.01571,7.44428,
2.4,7,3,9,6,0,1.31051,0.102062,1.26884,1.51884,11.5,0,11.5,11.5,0,0,0,0,9,0,9,9,11.5012,0,11.5012,11.5012,7.19428,1.90639,4.23,9.08714,
2.4,9,2,9,4,0,2.13045,1.14688,1.2867,3.71527,11.5,0,11.5,11.5,0,0,0,0,9,0,9,9,11.5012,0,11.5012,11.5012,59.5514,8.69873,48.9979,67.1407,
2.4,13,2,9,0,0,0,0,0,0,0,0,0,0,0,0,0,0,0,0,0,0,0,0,0,0,0,0,0,0,
2.4,14,5,9,6,0,1.30158,0.157068,1.19741,1.60813,11.5,0,11.5,11.5,0,0,0,0,9,0,9,9,11.5012,0,11.5012,11.5012,7.20023,5.38804,3.15857,17.6943,
2.4,19,6,2,6,6,1.19643,0,1.19643,1.19643,0.500009,0,0.500009,0.500009,0,0,0,0,2,0,2,2,0.50072,0,0.50072,0.50072,2.73141,0,2.73141,2.73141,
2.4,5,3,3,7,7,1.36225,0.352908,1.07143,1.98214,0,0,0,0,0,0,0,0,4,0,4,4,0,0,0,0,6.39031,1.99948,3.57143,8.69643,
2.4,11,3,3,8,1,5.8125,8.27791,1.17857,25.1429,0.437508,0.17678,0,0.500009,0.185268,0.524017,0,1.48214,2.25,0.707107,2,4,0.43813,0.177031,0,0.50072,276.859,113.693,2.94643,363.053,
2.4,4,2,4,7,2,1.22704,0.162919,1,1.41071,0.500009,0,0.500009,0.500009,0,0,0,0,12,0,12,12,0.50072,0,0.50072,0.50072,5.47631,2.103,2.74927,8.73141,
2.4,8,3,4,6,1,1.4375,0.411993,1.05357,2.05357,0.500009,0,0.500009,0.500009,0,0,0,0,12,0,12,12,0.50072,0,0.50072,0.50072,8.05582,3.1059,3.96356,11.41,
2.4,10,4,4,7,0,4.79337,7.31448,1,21,0,0,0,0,4.92092,5.27484,0,11.5,12,0,12,12,0,0,0,0,18.8342,23.6445,2.96429,60.2143,
2.4,15,5,4,4,0,1.70536,0.515388,1.26786,2.26786,0.500009,0,0.500009,0.500009,0,0,0,0,12,0,12,12,0.50072,0,0.50072,0.50072,29.7359,6.6126,24.1064,39.2136,
2.4,17,6,4,6,6,1.09821,0.166274,0.946427,1.25,0.500009,0,0.500009,0.500009,0,0,0,0,12,0,12,12,0.50072,0,0.50072,0.50072,2.91891,0.0293431,2.89213,2.9457,
2.4,6,5,5,0,0,0,0,0,0,0,0,0,0,0,0,0,0,0,0,0,0,0,0,0,0,0,0,0,0,
2.4,16,5,6,6,6,1.13988,0.0717991,1.10714,1.28571,0.500009,0,0.500009,0.500009,0,0,0,0,4,0,4,4,0.50072,0,0.50072,0.50072,6.07367,1.15829,4.67784,8.14213,
2.4,18,6,6,6,6,1.11905,0.0729009,1.08929,1.26786,0,0,0,0,0,0,0,0,4,0,4,4,0,0,0,0,2.88095,0.0729009,2.73214,2.91071,
2.5,7,3,7,4,0,1.51884,0.387134,1.17955,1.92955,7.75,2.5,6.5,11.5,0,0,0,0,5.25,2.5,4,9,7.75116,2.5,6.50116,11.5012,10.0648,4.21881,3.74785,12.4443,
2.5,10,4,7,4,0,1.55455,0.230073,1.37598,1.85813,6.5,0,6.5,6.5,0,0,0,0,4,0,4,4,6.50116,0,6.50116,6.50116,9.12732,2.38683,6.74785,11.3729,
2.5,13,5,8,13,1,3.2606,4.74125,1.19741,18.9296,11.1154,1.38675,6.5,11.5,0.876374,2.5058,0,8.89286,8.61538,1.38675,4,9,11.1165,1.38675,6.50116,11.5012,108.708,50.1809,4.03357,184.498,
2.5,18,6,8,5,5,1.03293,0.0315044,1.01884,1.08929,5.2,2.90689,0,6.5,0,0,0,0,4,0,4,4,5.20093,2.90741,0,6.50116,4.47685,0.914284,2.91071,5.28357,
2.5,16,5,9,4,1,1.32217,0.0390315,1.26786,1.35813,8.75,5.5,0.500009,11.5,0,0,0,0,4,0,4,4,8.75105,5.50022,0.50072,11.5012,5.16339,1.72756,3.01713,7.24785,
2.5,20,6,9,3,0,1.22122,0.473915,0.733127,1.67955,11.5,0,11.5,11.5,0,0,0,0,4,0,4,4,11.5012,0,11.5012,11.5012,4.18238,0.607755,3.49785,4.65857,
2.5,3,2,2,7,7,1.14555,0.196103,1.07143,1.59027,0.928571,2.45677,0,6.5,0,0,0,0,2,0,2,2,0.928737,2.45721,0,6.50116,3.24204,0.765034,2.91071,4.96214,
2.5,5,3,3,5,2,1.05357,0.117097,0.964286,1.25,0,0,0,0,0,0,0,0,7,0,7,7,0,0,0,0,9.67857,1.80034,6.83929,11.4464,
2.5,9,4,3,0,0,0,0,0,0,0,0,0,0,0,0,0,0,0,0,0,0,0,0,0,0,0,0,0,0,
2.5,14,5,3,5,5,1.45357,0.447249,1.01786,1.94643,0.500009,0,0.500009,0.500009,0,0,0,0,7,0,7,7,0.50072,0,0.50072,0.50072,4.16356,1.36174,2.73141,5.99927,
2.5,4,2,4,6,6,1.32738,0.129099,1.16071,1.41071,0.500009,0,0.500009,0.500009,0,0,0,0,7.83333,2.04124,7,12,0.50072,0,0.50072,0.50072,2.71356,0.0437405,2.62427,2.73141,
2.5,6,3,4,0,0,0,0,0,0,0,0,0,0,0,0,0,0,0,0,0,0,0,0,0,0,0,0,0,0,
2.5,8,4,4,1,1,2.07143,0,2.07143,2.07143,0.500009,0,0.500009,0.500009,0,0,0,0,12,0,12,12,0.50072,0,0.50072,0.50072,2.99927,0,2.99927,2.99927,
2.5,1,4,5,4,1,1.05803,0.161292,0.892856,1.19643,0.500009,0,0.500009,0.500009,0,0,0,0,7,0,7,7,0.50072,0,0.50072,0.50072,10.7984,2.38081,8.35642,13.8564,
2.5,12,4,5,5,3,1.51786,0.574073,0.910713,2.41071,0.500009,0,0.500009,0.500009,0,0,0,0,7,0,7,7,0.50072,0,0.50072,0.50072,9.53141,2.91661,7.42784,14.5886,
2.5,17,6,5,6,6,1.39881,0.0729009,1.25,1.42857,0.500009,0,0.500009,0.500009,0,0,0,0,7.83333,2.04124,7,12,0.50072,0,0.50072,0.50072,2.76415,0.080191,2.73141,2.92784,
2.5,11,3,6,2,1,1.25893,0.189404,1.125,1.39286,0.250005,0.35356,0,0.500009,0,0,0,0,5.5,2.12132,4,7,0.25036,0.354063,0,0.50072,35.3746,46.1635,2.73214,68.0171,
2.5,15,5,6,8,6,1.58929,0.518605,1.16071,2.51786,0.500009,0,0.500009,0.500009,0,0,0,0,8.875,2.58775,7,12,0.50072,0,0.50072,0.50072,11.0328,10.7832,3.99927,35.1421,
2.5,19,6,6,5,5,1.02857,0.00978068,1.01786,1.03571,0,0,0,0,0,0,0,0,7,0,7,7,0,0,0,0,4.81428,1.02127,3.125,5.89286,
2.6,7,3,7,7,4,1.15149,0.133971,1.01884,1.39384,6.5,0,6.5,6.5,0,0,0,0,4,0,4,4,6.50116,0,6.50116,6.50116,7.03357,2.91748,4.73,11.7657,
2.6,10,4,7,6,0,1.45039,0.129469,1.35813,1.62598,6.5,0,6.5,6.5,0,0,0,0,4,0,4,4,6.50116,0,6.50116,6.50116,9.85202,2.135,6.65857,11.73,
2.6,13,5,8,6,4,1.25098,0.114062,1.19741,1.48313,6.5,0,6.5,6.5,0,0,0,0,4,0,4,4,6.50116,0,6.50116,6.50116,5.89071,0.718381,4.99785,7.01571,
2.6,18,6,8,7,7,1.01884,0,1.01884,1.01884,6.5,0,6.5,6.5,0,0,0,0,4,0,4,4,6.50116,0,6.50116,6.50116,4.89836,0.150769,4.64071,5.15857,
2.6,16,5,9,7,0,1.2867,0.121988,1.10813,1.35813,11.5,0,11.5,11.5,0,0,0,0,4,0,4,4,11.5012,0,11.5012,11.5012,6.50551,0.874019,5.15857,7.48,
2.6,20,6,9,6,0,1.2867,0.364041,0.983127,1.98313,11.5,0,11.5,11.5,0,0,0,0,4,0,4,4,11.5012,0,11.5012,11.5012,3.84904,0.366253,3.15857,4.17642,
2.6,3,2,2,6,6,1.07143,0,1.07143,1.07143,0,0,0,0,0,0,0,0,2,0,2,2,0,0,0,0,2.91071,0,2.91071,2.91071,
2.6,5,3,3,7,5,1.07653,0.149657,0.82143,1.25,0,0,0,0,0,0,0,0,7,0,7,7,0,0,0,0,7.02041,2.51654,4.80357,10.9464,
2.6,9,4,3,1,0,1.2867,0,1.2867,1.2867,11.5,0,11.5,11.5,0,0,0,0,9,0,9,9,11.5012,0,11.5012,11.5012,188.641,0,188.641,188.641,
2.6,14,5,3,6,6,1.10714,0.0978068,1.01786,1.19643,0.500009,0,0.500009,0.500009,0,0,0,0,7,0,7,7,0.50072,0,0.50072,0.50072,3.19272,0.447985,2.73141,3.96356,
2.6,4,2,4,6,6,1.41071,0,1.41071,1.41071,0.500009,0,0.500009,0.500009,0,0,0,0,7,0,7,7,0.50072,0,0.50072,0.50072,2.73141,0,2.73141,2.73141,
2.6,6,3,4,3,1,0.928571,0.804166,0,1.39286,0.333339,0.28868,0,0.500009,0,0,0,0,4.66667,4.04145,0,7,0.333813,0.289091,0,0.50072,854.09,1457.71,4.73141,2537.29,
2.6,8,4,4,10,0,2.675,3.93031,1.01786,13.8036,0,0,0,0,0.323214,1.02209,0,3.23214,7,0,7,7,0,0,0,0,80.6482,32.6769,24.3929,124.839,
2.6,1,4,5,6,1,1.14583,0.195751,0.910713,1.44643,0.500009,0,0.500009,0.500009,0,0,0,0,7,0,7,7,0.50072,0,0.50072,0.50072,10.9546,1.77765,7.80284,12.4814,
2.6,12,4,5,6,1,1.37202,0.319522,0.92857,1.89286,0.500009,0,0.500009,0.500009,0,0,0,0,7,0,7,7,0.50072,0,0.50072,0.50072,9.86237,2.39103,5.60642,12.3743,
2.6,17,6,5,6,6,1.42857,0,1.42857,1.42857,0.500009,0,0.500009,0.500009,0,0,0,0,7,0,7,7,0.50072,0,0.50072,0.50072,2.73141,0,2.73141,2.73141,
2.6,11,3,6,11,3,1.31493,0.30538,1.16071,2.19643,0.500009,0,0.500009,0.500009,0,0,0,0,7,0,7,7,0.50072,0,0.50072,0.50072,38.7444,34.6617,3.1957,93.4993,
2.6,15,5,6,6,3,1.1994,0.248058,0.892856,1.42857,0.500009,0,0.500009,0.500009,0,0,0,0,7,0,7,7,0.50072,0,0.50072,0.50072,12.3475,8.00192,7.12427,28.2493,
2.6,19,6,6,7,7,1.02041,0.00674931,1.01786,1.03571,0,0,0,0,0,0,0,0,7,0,7,7,0,0,0,0,5.15561,0.234583,4.80357,5.57143,
2.7,7,3,7,6,6,1.17955,0.314407,1.01884,1.80455,6.5,0,6.5,6.5,0,0,0,0,4,0,4,4,6.50116,0,6.50116,6.50116,4.71214,0.446071,4.37286,5.605,
2.7,10,4,7,7,0,1.76629,0.346329,1.37598,2.12598,6.5,0,6.5,6.5,0,0,0,0,4,0,4,4,6.50116,0,6.50116,6.50116,10.5387,1.41469,8.98,12.5693,
2.7,13,5,8,7,7,1.24588,0.00871332,1.23313,1.25098,6.5,0,6.5,6.5,0,0,0,0,4,0,4,4,6.50116,0,6.50116,6.50116,3.88306,0.900376,2.99785,5.49785,
2.7,18,6,8,6,6,1.16765,0.0729009,1.01884,1.19741,6.5,0,6.5,6.5,0,0,0,0,4,0,4,4,6.50116,0,6.50116,6.50116,3.02464,0.0656108,2.99785,3.15857,
2.7,16,5,9,6,0,1.35813,0,1.35813,1.35813,11.5,0,11.5,11.5,0,0,0,0,4,0,4,4,11.5012,0,11.5012,11.5012,2.96214,0,2.96214,2.96214,
2.7,20,6,9,7,0,1.38874,0.435059,0.983127,2.00098,11.5,0,11.5,11.5,0,0,0,0,4,0,4,4,11.5044,0.00558264,11.5012,11.5126,2.97673,0.409343,2.67642,3.87285,
2.7,3,2,2,6,6,1.07441,0.00729009,1.07143,1.08929,0,0,0,0,0,0,0,0,2,0,2,2,0,0,0,0,2.94643,0.0964947,2.89286,3.14286,
2.7,5,3,3,6,6,1.07143,0,1.07143,1.07143,0,0,0,0,0,0,0,0,7,0,7,7,0,0,0,0,4.84524,0.273551,4.67857,5.32143,
2.7,9,4,3,5,3,1.16071,0.123072,1.07143,1.375,0.500009,0,0.500009,0.500009,0,0,0,0,7,0,7,7,0.50072,0,0.50072,0.50072,8.9707,0.470528,8.48141,9.64213,
2.7,14,5,3,6,6,1.05059,0.0717991,1.01786,1.19643,0.500009,0,0.500009,0.500009,0,0,0,0,7,0,7,7,0.50072,0,0.50072,0.50072,2.87427,0.0790563,2.71356,2.90998,
2.7,4,2,4,7,7,1.41071,0,1.41071,1.41071,0.500009,0,0.500009,0.500009,0,0,0,0,7,0,7,7,0.50072,0,0.50072,0.50072,2.73141,0,2.73141,2.73141,
2.7,6,3,4,8,6,1.39955,0.110466,1.21429,1.625,0.500009,0,0.500009,0.500009,0,0,0,0,7,0,7,7,0.50072,0,0.50072,0.50072,7.18231,7.83013,2.73141,20.4993,
2.7,8,4,4,7,4,4.02296,6.65559,1.05357,19.0357,0,0,0,0,1,2.64575,0,7,7,0,7,7,0,0,0,0,9.95918,4.96592,6.42857,19.7143,
2.7,1,4,5,7,0,1.25255,0.109318,1.16071,1.42857,0.500009,0,0.500009,0.500009,0,0,0,0,7,0,7,7,0.50072,0,0.50072,0.50072,17.8539,9.68757,9.6957,36.4457,
2.7,12,4,5,7,6,1.45663,0.17492,1.17857,1.67857,0.500009,0,0.500009,0.500009,0,0,0,0,7,0,7,7,0.50072,0,0.50072,0.50072,5.14978,2.93169,2.62427,10.9278,
2.7,17,6,5,6,6,1.42857,0,1.42857,1.42857,0.500009,0,0.500009,0.500009,0,0,0,0,7,0,7,7,0.50072,0,0.50072,0.50072,2.73141,0,2.73141,2.73141,
2.7,15,5,6,7,7,1.45408,0.265837,1.16071,1.78571,0.500009,0,0.500009,0.500009,0,0,0,0,4.42857,1.13389,4,7,0.50072,0,0.50072,0.50072,3.65488,2.08961,2.74927,8.39213,
2.7,19,6,6,6,6,1.04167,0.0145802,1.01786,1.05357,0,0,0,0,0,0,0,0,4,0,4,4,0,0,0,0,2.86905,0.0145802,2.85714,2.89286,
2.8,5,3,7,5,1,1.07222,0.000440058,1.07143,1.07241,5.2,2.90689,0,6.5,0,0,0,0,8.6,0.894427,7,9,5.20093,2.90741,0,6.50116,3.51257,0.693805,2.90857,4.66071,
2.8,14,5,7,4,1,1.10788,0.0815412,1.01786,1.21527,5,3,0.500009,6.5,0,0,0,0,8.5,1,7,9,5.00105,3.00022,0.50072,6.50116,8.27053,3.61228,2.90998,10.73,
2.8,15,5,7,2,1,1.28621,0.0259494,1.26786,1.30455,3.5,4.24263,0.500009,6.5,0,0,0,0,6.5,3.53553,4,9,3.52452,4.2763,0.50072,6.54832,24.2428,27.8711,4.53498,43.9507,
2.8,20,6,7,5,0,1.40098,0.33541,1.25098,2.00098,7.5,2.23607,6.5,11.5,0,0,0,0,8,2.23607,4,9,7.50345,2.24118,6.50116,11.5126,3.57771,0.331676,3.12285,3.89713,
2.8,3,2,8,4,2,1.28645,0.143348,1.07143,1.35813,4.875,3.25,0,6.5,0,0,0,0,3.5,1,2,4,4.87587,3.25058,0,6.50116,6.80643,3.19964,2.91071,9.44428,
2.8,4,2,8,4,1,1.37127,0.0262935,1.35813,1.41071,5,3,0.500009,6.5,0,0,0,0,4.75,1.5,4,7,5.00105,3.00022,0.50072,6.50116,8.00714,2.27266,5.87427,10.23,
2.8,6,3,9,4,1,1.28645,0.323626,1.01884,1.69741,8.75,5.5,0.500009,11.5,0,0,0,0,4.75,1.5,4,7,8.75105,5.50022,0.50072,11.5012,3.66785,0.634592,2.73141,4.14071,
2.8,9,4,9,5,1,1.19364,0.195863,1.01884,1.4117,9.3,4.91935,0.500009,11.5,0,0,0,0,4.6,1.34164,4,7,9.30107,4.91955,0.50072,11.5012,5.23742,1.99198,4.14071,8.76713,
2.8,2,2,2,4,4,1.54911,0.368099,1.21429,1.91071,0,0,0,0,0,0,0,0,4,0,4,4,0,0,0,0,8.13839,3.31773,4.64286,11.0179,
2.8,13,5,2,5,4,1.31429,0.192989,1.125,1.53571,0.500009,0,0.500009,0.500009,0,0,0,0,4,0,4,4,0.50072,0,0.50072,0.50072,10.8278,6.55205,6.3207,22.1421,
2.8,17,6,4,6,6,1.19048,0.164698,1.07143,1.42857,0.500009,0,0.500009,0.500009,0,0,0,0,2.83333,2.04124,2,7,0.50072,0,0.50072,0.50072,2.86237,0.0664958,2.73141,2.90998,
2.8,16,5,5,5,5,1.51429,0.356786,1.25,2.01786,0,0,0,0,0,0,0,0,2,0,2,2,0,0,0,0,6.91071,2.72621,3.19643,9.71429,
2.8,1,2,6,4,0,1.26786,0.227284,0.946427,1.42857,0.500009,0,0.500009,0.500009,0.0401782,0.0803565,0,0.160713,13.75,4.5,7,16,0.50072,0,0.50072,0.50072,12.4502,15.0031,3.12427,34.7314,
2.8,7,3,6,5,1,1.01805,0.000440058,1.01786,1.01884,1.70001,2.68328,0.500009,6.5,0,0,0,0,13.6,5.36656,4,16,1.70081,2.68348,0.50072,6.50116,4.04899,0.766732,2.90998,4.92784,
2.8,8,4,6,6,1,1.27679,0.381616,1.10714,2.05357,0.416674,0.204128,0,0.500009,0.0119047,0.0291604,0,0.071428,14.5,3.67423,7,16,0.417267,0.204418,0,0.50072,4.56189,1.08595,2.90998,6.23214,
2.8,10,2,6,0,0,0,0,0,0,0,0,0,0,0,0,0,0,0,0,0,0,0,0,0,0,0,0,0,0,
2.8,12,4,6,4,0,1.26339,0.077666,1.19643,1.33929,0.500009,0,0.500009,0.500009,0.00446425,0.0089285,0,0.017857,16,0,16,16,0.50072,0,0.50072,0.50072,2.80284,0.082478,2.73141,2.87427,
2.8,18,6,6,4,0,1.03125,0.0089285,1.01786,1.03571,0,0,0,0,0.00446425,0.0089285,0,0.017857,16,0,16,16,0,0,0,0,2.89286,0,2.89286,2.89286,
2.8,19,6,6,6,1,1.05059,0.0471326,1.01786,1.14286,0,0,0,0,0.00595233,0.00922132,0,0.017857,14,4.89898,4,16,0,0,0,0,3.03571,0.421973,2.78571,3.89286,
2.9,5,3,7,6,0,1.07241,0,1.07241,1.07241,6.5,0,6.5,6.5,0,0,0,0,9,0,9,9,6.50116,0,6.50116,6.50116,4.48595,1.36677,2.90857,6.17642,
2.9,14,5,7,6,0,1.49206,0.310684,1.23313,1.98313,6.5,0,6.5,6.5,0,0,0,0,9,0,9,9,6.50307,0.00467159,6.50116,6.5126,9.03464,1.18768,7.84356,10.8907,
2.9,15,5,7,8,0,1.26214,0.116096,1.14384,1.4117,6.5,0,6.5,6.5,0,0,0,0,9,0,9,9,6.50706,0.0166725,6.50116,6.54832,14.8937,8.81908,9.105,35.0221,
2.9,20,6,7,6,0,1.25098,0,1.25098,1.25098,6.5,0,6.5,6.5,0,0,0,0,9,0,9,9,6.50116,0,6.50116,6.50116,3.41452,0.245798,3.12285,3.62285,
2.9,3,2,8,7,1,1.35813,0,1.35813,1.35813,6.5,0,6.5,6.5,0,0,0,0,4,0,4,4,6.50116,0,6.50116,6.50116,8.25806,1.89854,5.46214,10.6764,
2.9,4,2,8,7,1,1.35302,0.00871332,1.34027,1.35813,6.5,0,6.5,6.5,0,0,0,0,4,0,4,4,6.50116,0,6.50116,6.50116,8.33714,1.87588,5.48,11.2121,
2.9,6,3,9,5,0,12.1619,15.5443,1.14384,36.0188,11.5,0,11.5,11.5,0.799822,1.78846,0,3.99911,4,0,4,4,11.5012,0,11.5012,11.5012,6.19071,1.01089,5.31928,7.855,
2.9,9,4,9,2,0,1.54563,0.214657,1.39384,1.69741,11.5,0,11.5,11.5,0,0,0,0,4,0,4,4,11.5012,0,11.5012,11.5012,44.6229,27.0468,25.4979,63.7479,
2.9,2,2,2,7,4,5.28061,8.5149,0.82143,23.75,0,0,0,0,0.571429,1.51186,0,4,4,0,4,4,0,0,0,0,11.6786,3.69239,7.96429,18.9464,
2.9,13,5,2,6,4,1.51786,0.314002,1.25,2.01786,0.500009,0,0.500009,0.500009,0,0,0,0,4,0,4,4,0.50072,0,0.50072,0.50072,13.032,9.744,6.48141,31.3564,
2.9,17,6,4,6,6,1.09524,0.0145802,1.08929,1.125,0.500009,0,0.500009,0.500009,0,0,0,0,2,0,2,2,0.50072,0,0.50072,0.50072,2.88617,0.0145802,2.85641,2.89213,
2.9,16,5,5,6,6,1.38393,0.293151,1.25,1.98214,0,0,0,0,0,0,0,0,2,0,2,2,0,0,0,0,8.36607,1.2264,7.17857,10.2679,
2.9,1,2,6,6,0,1.38095,0.166624,1.25,1.67857,0.500009,0,0.500009,0.500009,0.255952,0.158382,0,0.42857,16,0,16,16,0.50072,0,0.50072,0.50072,5.48737,2.10816,3.71356,8.85642,
2.9,7,3,6,6,0,1.01786,0,1.01786,1.01786,0.500009,0,0.500009,0.500009,0,0,0,0,16,0,16,16,0.50072,0,0.50072,0.50072,4.53201,1.85654,2.90998,7.12427,
2.9,8,4,6,5,0,1.21429,0.229726,1.10714,1.625,0.500009,0,0.500009,0.500009,0.232143,0.254425,0,0.517857,16,0,16,16,0.50072,0,0.50072,0.50072,6.00284,2.18731,2.78498,8.26713,
2.9,10,2,6,1,0,2.12598,0,2.12598,2.12598,6.5,0,6.5,6.5,0,0,0,0,4,0,4,4,6.50116,0,6.50116,6.50116,192.426,0,192.426,192.426,
2.9,12,4,6,6,0,1.42857,0.330815,1.16071,2.08928,0.500009,0,0.500009,0.500009,0.410714,0.447783,0,0.92857,16,0,16,16,0.50072,0,0.50072,0.50072,5.47249,2.29187,2.73141,7.62427,
2.9,18,6,6,7,0,1.03571,0,1.03571,1.03571,0,0,0,0,0,0,0,0,16,0,16,16,0,0,0,0,2.89286,0,2.89286,2.89286,
2.9,19,6,6,6,0,1.02679,0.00978068,1.01786,1.03571,0,0,0,0,0.11607,0.00978068,0.107142,0.124999,16,0,16,16,0,0,0,0,2.78571,0,2.78571,2.78571,
3,5,3,7,6,0,1.10515,0.0717991,1.07241,1.25098,6.5,0,6.5,6.5,0,0,0,0,9,0,9,9,6.50116,0,6.50116,6.50116,5.82226,0.639916,5.12285,6.90857,
3,14,5,7,6,0,1.2242,0.193896,0.983127,1.50098,6.5,0,6.5,6.5,0,0,0,0,9,0,9,9,6.50116,0,6.50116,6.50116,8.48297,0.718862,7.96214,9.89071,
3,15,5,7,7,0,1.1566,0.132317,0.983127,1.30455,6.5,0,6.5,6.5,0,0,0,0,9,0,9,9,6.50535,0.0110744,6.50116,6.53046,7.66714,0.999067,6.87285,9.83714,
3,20,6,7,6,0,1.25396,0.00729009,1.25098,1.26884,6.5,0,6.5,6.5,0,0,0,0,9,0,9,9,6.50116,0,6.50116,6.50116,2.95321,0.131587,2.855,3.12285,
3,3,2,8,6,3,1.35827,0.000362933,1.35813,1.35902,6.5,0,6.5,6.5,0,0,0,0,2.33333,0.816497,2,4,6.50116,0,6.50116,6.50116,7.68521,1.29908,5.98,9.74785,
3,6,3,9,7,0,1.57011,1.09095,0.947411,4.02062,11.5,0,11.5,11.5,1.1426,3.02304,0,7.99822,4,0,4,4,11.5012,0,11.5012,11.5012,23.5259,9.73487,6.99785,38.0157,
3,9,4,9,3,0,1.68551,0.42308,1.19741,1.94741,11.5,0,11.5,11.5,0,0,0,0,4,0,4,4,11.5012,0,11.5012,11.5012,86.0157,16.3956,67.1229,96.5157,
3,2,2,2,6,6,1.1875,0.0720945,1.08929,1.25,0,0,0,0,0,0,0,0,4,0,4,4,0,0,0,0,8.44643,1.51754,6.94643,11.2679,
3,13,5,2,7,7,1.20408,0.127048,1.03571,1.42857,0.500009,0,0.500009,0.500009,0,0,0,0,4,0,4,4,0.50072,0,0.50072,0.50072,4.99672,1.31584,3.98141,7.90999,
3,17,6,4,7,7,1.33674,0.236324,1.08929,1.67857,0.500009,0,0.500009,0.500009,0,0,0,0,2,0,2,2,0.50072,0,0.50072,0.50072,3.04774,0.266607,2.73141,3.40998,
3,16,5,5,6,6,1.30357,0.105342,1.25,1.51786,0,0,0,0,0,0,0,0,2,0,2,2,0,0,0,0,6.23512,0.615739,5.73214,7.44643,
3,1,2,6,7,0,1.30867,0.0829369,1.25,1.42857,0.500009,0,0.500009,0.500009,0.369897,0.0829369,0.25,0.42857,16,0,16,16,0.50072,0,0.50072,0.50072,4.05029,1.52057,2.73141,7.35642,
3,7,3,6,7,0,1.04337,0.0674931,1.01786,1.19643,0.500009,0,0.500009,0.500009,0.12755,0.0871332,0,0.17857,16,0,16,16,0.50072,0,0.50072,0.50072,6.05284,0.819809,5.10642,6.90999,
3,8,4,6,7,0,1.36735,0.222763,1.10714,1.78571,0.500009,0,0.500009,0.500009,0.372449,0.193547,0,0.517857,16,0,16,16,0.50072,0,0.50072,0.50072,11.7697,11.0216,5.48141,34.41,
3,10,2,6,4,0,12.3214,9.58263,2.01786,24.75,0.500011,4.5e-06,0.500009,0.500018,4,8,0,16,16,0,16,16,0.50072,0,0.50072,0.50072,9.83409,3.37484,5.55284,13.66,
3,12,4,6,6,0,1.66369,0.533497,1.32143,2.57143,0.500009,0,0.500009,0.500009,0.827381,0.634033,0,1.25,16,0,16,16,0.50072,0,0.50072,0.50072,12.16,6.28738,6.15999,20.41,
3,18,6,6,6,0,1.11905,0.204124,1.03571,1.53571,0,0,0,0,0.333333,0.258199,0,0.5,16,0,16,16,0,0,0,0,2.91071,0.120585,2.78571,3.05357,
3,19,6,6,6,0,1.02083,0.00729009,1.01786,1.03571,0,0,0,0,0.122023,0.00729009,0.107142,0.124999,16,0,16,16,0,0,0,0,4.11607,0.687697,3.28571,5.25,
3.1,3,2,7,5,1,1.35813,0.0953311,1.19741,1.42955,6.5,0,6.5,6.5,0,0,0,0,2,0,2,2,6.50116,0,6.50116,6.50116,8.79428,1.58691,6.58714,10.9443,
3.1,1,2,2,3,0,7.20238,9.02725,1.85714,17.625,0,0,0,0,5.25595,9.10358,0,15.7679,16,0,16,16,0,0,0,0,23.2202,19.0186,10.9107,45.125,
3.1,6,6,2,5,0,1.3752,0.599386,1.10714,2.44741,2.70001,4.91935,0.500009,11.5,0,0,0,0,13.6,5.36656,4,16,2.70081,4.91955,0.50072,11.5012,4.29899,1.22116,3.0707,6.17643,
3.1,9,2,2,8,0,1.39372,0.254446,1.17955,1.94741,10.0625,4.06586,0,11.5,0,0,0,0,5.5,4.24264,4,16,10.0635,4.06627,0,11.5012,86.9602,35.9978,7.44643,122.516,
3.1,12,4,2,5,0,1.39643,0.202188,1.10714,1.60714,0.500009,0,0.500009,0.500009,0.246429,0.551031,0,1.23214,16,0,16,16,0.50072,0,0.50072,0.50072,10.885,4.94236,7.96356,19.66,
3.1,15,5,2,0,0,0,0,0,0,0,0,0,0,0,0,0,0,0,0,0,0,0,0,0,0,0,0,0,0,
3.1,17,6,2,5,0,1.26429,0.071873,1.23214,1.39286,0.500009,0,0.500009,0.500009,0.12857,0.071873,0,0.160713,16,0,16,16,0.50072,0,0.50072,0.50072,3.53499,0.644838,2.73141,4.49927,
3.1,20,6,2,6,0,1.20552,0.0222728,1.19643,1.25098,1.50001,2.44949,0.500009,6.5,0,0,0,0,14.8333,2.85774,9,16,1.50079,2.44967,0.50072,6.50116,3.89784,1.01218,2.99927,5.64213,
3.1,5,3,3,6,1,1.26802,0.149144,1.07241,1.41071,1.08333,2.65361,0,6.5,0,0,0,0,11.5,1.22474,9,12,1.08353,2.65409,0,6.50116,5.63059,1.4999,3.01786,7.01786,
3.1,8,4,3,5,0,1.43571,0.41833,1.16071,2.16071,0.500009,0,0.500009,0.500009,0.1,0.223607,0,0.5,12.8,1.78885,12,16,0.50072,0,0.50072,0.50072,9.67784,1.53301,7.14213,11.1064,
3.1,11,4,3,1,0,1.16071,0,1.16071,1.16071,0.500009,0,0.500009,0.500009,0,0,0,0,12,0,12,12,0.50072,0,0.50072,0.50072,73.1243,0,73.1243,73.1243,
3.1,13,5,3,4,0,1.51786,0.250425,1.14286,1.66071,0.500009,0,0.500009,0.500009,0,0,0,0,12,0,12,12,0.50072,0,0.50072,0.50072,7.79391,1.32308,5.90999,8.99927,
3.1,18,6,3,4,3,1.15625,0.0395963,1.125,1.21429,0.500009,0,0.500009,0.500009,0,0,0,0,12,0,12,12,0.50072,0,0.50072,0.50072,3.34748,0.603366,2.73141,4.17784,
3.1,7,3,4,6,5,1.52678,0.462048,1.01786,2.16071,0.500009,0,0.500009,0.500009,0,0,0,0,2,0,2,2,0.50072,0,0.50072,0.50072,9.55879,5.47535,3.90998,19.0171,
3.1,14,5,5,6,5,1.19064,0.0093564,1.17857,1.19741,1.08333,2.65361,0,6.5,0,0,0,0,4.83333,2.04124,4,9,1.08353,2.65409,0,6.50116,8.61571,0.396227,8.125,9.19428,
3.1,19,2,5,1,0,1.03571,0,1.03571,1.03571,0,0,0,0,0.107142,0,0.107142,0.107142,16,0,16,16,0,0,0,0,3.03571,0,3.03571,3.03571,
3.1,2,4,6,4,1,1.35714,0.417007,1.125,1.98214,0.375007,0.250005,0,0.500009,0,0,0,0,6.25,1.5,4,7,0.37554,0.25036,0,0.50072,42.1423,24.0434,7.35714,61.1243,
3.1,10,3,6,5,0,4.47857,5.79291,1.32143,14.8214,0.500009,0,0.500009,0.500009,14.8714,7.68839,5.42857,22.8571,10.6,4.9295,7,16,0.50072,0,0.50072,0.50072,43.7671,6.69176,33.9278,51.2136,
3.1,16,5,6,6,6,1.1994,0.162261,0.946427,1.44643,0.416674,0.204128,0,0.500009,0,0,0,0,6.16667,2.04124,2,7,0.417267,0.204418,0,0.50072,6.03808,1.1596,3.76713,6.9457,
3.2,3,2,7,6,0,1.25098,0.120585,1.14384,1.42955,6.5,0,6.5,6.5,0,0,0,0,2,0,2,2,6.50116,0,6.50116,6.50116,10.6526,1.04696,8.67643,11.5157,
3.2,1,2,2,5,0,19.275,19.0743,2.14286,46.3929,0,0,0,0,27.1179,19.0743,0,44.25,16,0,16,16,0,0,0,0,14.9143,0.583494,14.3214,15.875,
3.2,6,6,2,3,0,1.32738,0.381463,1.10714,1.76786,0.500009,0,0.500009,0.500009,0,0,0,0,16,0,16,16,0.50072,0,0.50072,0.50072,41.4278,14.5517,26.41,55.4636,
3.2,9,2,2,6,0,1.41071,0.310118,1.21429,2,0,0,0,0,0.1875,0.145839,0,0.303571,16,0,16,16,0,0,0,0,11.2024,0.388887,10.8571,11.8393,
3.2,12,4,2,7,0,1.29082,0.0776415,1.17857,1.35714,0.500009,0,0.500009,0.500009,0.316326,0.0776415,0.25,0.42857,16,0,16,16,0.50072,0,0.50072,0.50072,4.51713,2.34138,2.73141,8.17784,
3.2,15,5,2,3,0,1.15476,0.0721682,1.07143,1.19643,0.500009,0,0.500009,0.500009,0.0416663,0.0721682,0,0.124999,16,0,16,16,0.50072,0,0.50072,0.50072,94.2255,17.5394,79.1243,113.464,
3.2,17,6,2,6,0,1.26488,0.0633022,1.23214,1.39286,0.500009,0,0.500009,0.500009,0.127975,0.0633022,0,0.160713,16,0,16,16,0.50072,0,0.50072,0.50072,6.60641,2.37965,3.48141,10.7314,
3.2,20,6,2,5,0,1.38571,0.443311,1.17857,2.17857,0.500009,0,0.500009,0.500009,0.596429,0.544511,0,1,16,0,16,16,0.50072,0,0.50072,0.50072,8.50999,3.31515,2.74927,10.66,
3.2,5,3,3,5,2,1.325,0.227775,1.07143,1.66071,0,0,0,0,0,0,0,0,12,0,12,12,0,0,0,0,9,7.71761,2.76786,22.1964,
3.2,8,4,3,6,0,1.59226,0.430711,1.08929,2.125,0.500009,0,0.500009,0.500009,0,0,0,0,12,0,12,12,0.50072,0,0.50072,0.50072,8.40701,1.87541,5.64213,10.3921,
3.2,11,4,3,10,0,1.53571,0.548072,0.92857,2.64286,0.500009,0,0.500009,0.500009,0,0,0,0,12,0,12,12,0.50072,0,0.50072,0.50072,28.5189,22.3421,5.17784,64.1778,
3.2,13,5,3,5,0,1.38214,0.354589,1.08929,1.875,0.500009,0,0.500009,0.500009,0,0,0,0,12,0,12,12,0.50072,0,0.50072,0.50072,18.2171,12.628,7.85642,39.1243,
3.2,18,6,3,6,2,1.27678,0.279793,1.03571,1.64286,0.500009,0,0.500009,0.500009,0,0,0,0,12,0,12,12,0.50072,0,0.50072,0.50072,6.47249,2.89279,2.71356,8.85642,
3.2,7,3,4,6,6,1.1994,0.138512,1.01786,1.44643,0.500009,0,0.500009,0.500009,0,0,0,0,2,0,2,2,0.50072,0,0.50072,0.50072,4.98141,1.88221,2.90998,7.53498,
3.2,14,5,5,6,6,1.2619,0.137241,1.14286,1.44643,0,0,0,0,0,0,0,0,4,0,4,4,0,0,0,0,8.67857,0.473938,8.10714,9.25,
3.2,19,2,5,0,0,0,0,0,0,0,0,0,0,0,0,0,0,0,0,0,0,0,0,0,0,0,0,0,0,
3.2,2,4,6,8,4,1.27009,0.184454,1.125,1.625,0.500009,0,0.500009,0.500009,0,0,0,0,7,0,7,7,0.50072,0,0.50072,0.50072,15.0796,13.6121,2.74927,38.41,
3.2,10,3,6,6,0,4.84226,7.07476,1.55357,19.2679,0.500009,0,0.500009,0.500009,0,0,0,0,7,0,7,7,0.50072,0,0.50072,0.50072,67.2433,21.441,41.5171,92.2136,
3.2,16,5,6,6,5,1.39583,0.411012,0.946427,2.14286,0.500009,0,0.500009,0.500009,0,0,0,0,7,0,7,7,0.50072,0,0.50072,0.50072,7.85046,1.26947,6.10642,9.4457,
3.3,3,2,7,6,0,1.38491,0.20725,1.14384,1.67955,6.5,0,6.5,6.5,0,0,0,0,2,0,2,2,6.50116,0,6.50116,6.50116,11.1199,0.259123,10.6229,11.3907,
3.3,1,2,2,5,0,2.47857,0.628612,1.875,3.375,0,0,0,0,42.7143,2.35633,39.0179,44.5179,14.8,1.09545,14,16,0,0,0,0,30.325,14.4766,14.4643,42.6964,
3.3,6,6,2,9,0,1.2381,0.189193,1.01786,1.53571,0.500009,0,0.500009,0.500009,0.323413,0.338279,0,0.75,14.8889,1.05409,14,16,0.50072,0,0.50072,0.50072,42.5013,16.7005,18.5886,65.16,
3.3,9,2,2,6,0,1.44345,0.3613,1,1.98214,0,0,0,0,0.127976,0.304812,0,0.75,14.3333,0.816497,14,16,0,0,0,0,13.0238,0.325111,12.5179,13.5179,
3.3,12,4,2,6,0,1.27083,0.0947712,1.17857,1.35714,0.500009,0,0.500009,0.500009,0.13988,0.216776,0,0.42857,14.3333,0.816497,14,16,0.50072,0,0.50072,0.50072,2.77606,0.0747012,2.73141,2.92784,
3.3,15,5,2,7,0,8.83418,13.0576,1.17857,34.6964,0.500013,7.08116e-06,0.500009,0.500027,11.5765,15.3606,0,32.7679,16,0,16,16,0.50072,0,0.50072,0.50072,105.025,27.1554,80.8743,136.642,
3.3,17,6,2,6,0,1.61607,0.329221,1.41071,2.16071,0.500009,0,0.500009,0.500009,0,0,0,0,14.3333,0.816497,14,16,0.50072,0,0.50072,0.50072,5.3832,0.54781,4.74927,6.39213,
3.3,5,3,3,8,6,1.38839,0.301954,1.05357,1.94643,0,0,0,0,0,0,0,0,12,0,12,12,0,0,0,0,5.89732,6.28372,2.69643,21.1786,
3.3,8,4,3,6,1,1.32143,0.262931,1.14286,1.66071,0.500009,0,0.500009,0.500009,0,0,0,0,12,0,12,12,0.50072,0,0.50072,0.50072,5.45761,1.36603,3.58856,6.9457,
3.3,11,4,3,6,0,1.66369,0.583185,0.92857,2.42857,0.500009,0,0.500009,0.500009,0,0,0,0,12,0,12,12,0.50072,0,0.50072,0.50072,6.53499,1.40221,4.21356,8.23141,
3.3,13,5,3,8,0,1.24553,0.191556,1.125,1.66071,0.500009,0,0.500009,0.500009,0,0,0,0,12,0,12,12,0.50072,0,0.50072,0.50072,15.8386,13.536,5.99927,37.8743,
3.3,18,6,3,7,4,1.09184,0.0753589,0.982143,1.14286,0.500009,0,0.500009,0.500009,0,0,0,0,12,0,12,12,0.50072,0,0.50072,0.50072,4.38958,2.13243,2.73141,7.99927,
3.3,7,3,4,6,6,1.25893,0.33952,1.01786,1.92857,0.500009,0,0.500009,0.500009,0,0,0,0,2,0,2,2,0.50072,0,0.50072,0.50072,3.06772,0.473321,2.73141,3.87427,
3.3,14,5,5,7,7,1.21684,0.10883,1.08929,1.44643,0,0,0,0,0,0,0,0,4,0,4,4,0,0,0,0,6.95408,0.807389,6.23214,8.35714,
3.3,19,2,5,5,0,4.28928,5.68819,1.19643,14.4286,0.500009,0,0.500009,0.500009,0.246429,0.551031,0,1.23214,4,0,4,4,0.50072,0,0.50072,0.50072,219.828,8.08898,207.428,228.856,
3.3,2,4,6,7,7,1.375,0.0643843,1.23214,1.41071,0.500009,0,0.500009,0.500009,0,0,0,0,7,0,7,7,0.50072,0,0.50072,0.50072,2.91764,0.171855,2.73141,3.21356,
3.3,10,3,6,9,1,10.1746,9.39093,1.32143,25.3214,0.500011,3.96863e-06,0.500009,0.500018,3.50992,3.37655,0,6.99999,7,0,7,7,0.50072,0,0.50072,0.50072,37.0687,30.9099,2.73141,73.7136,
3.3,16,5,6,6,5,1.31845,0.211414,1.17857,1.69643,0.500009,0,0.500009,0.500009,0,0,0,0,7,0,7,7,0.50072,0,0.50072,0.50072,6.32665,1.63037,5.24927,9.49927,
3.4,7,3,7,4,1,1.6302,0.820168,1.01786,2.84027,5,3,0.500009,6.5,0,0,0,0,5.75,2.5,2,7,5.00105,3.00022,0.50072,6.50116,7.66339,3.21889,2.90998,9.89071,
3.4,15,2,7,7,0,1.2551,0.179674,0.946427,1.44643,0.500009,0,0.500009,0.500009,27.4413,4.29799,21.2679,33.25,14,0,14,14,0.50072,0,0.50072,0.50072,80.637,12.0608,62.6064,95.2314,
3.4,17,6,7,5,0,1.07936,0.177959,0.947411,1.39286,5.3,2.68328,0.500009,6.5,0,0,0,0,8.4,3.1305,7,14,5.30107,2.68348,0.50072,6.50116,4.42314,0.604615,3.74785,5.40999,
3.4,5,3,8,4,0,1.3802,0.119047,1.28571,1.55455,4.875,3.25,0,6.5,0,0,0,0,8.25,2.5,7,12,4.87587,3.25058,0,6.50116,9.15018,0.591077,8.64071,9.73,
3.4,9,4,8,0,0,0,0,0,0,0,0,0,0,0,0,0,0,0,0,0,0,0,0,0,0,0,0,0,0,
3.4,13,5,8,4,0,1.42931,0.499422,0.947413,2.01884,5,3,0.500009,6.5,0,0,0,0,8.25,2.5,7,12,5.00105,3.00022,0.50072,6.50116,10.3955,6.29559,5.71214,19.6243,
3.4,1,4,9,4,0,1.88839,0.353666,1.64286,2.39286,0,0,0,0,35.5045,2.26649,32.75,38,14,0,14,14,0,0,0,0,54.6652,19.3063,29.9643,72.8036,
3.4,3,2,9,4,0,1.67955,0.353854,1.17955,1.94741,9,2.88675,6.5,11.5,0,0,0,0,4.5,2.88675,2,7,9.00116,2.88675,6.50116,11.5012,10.9041,2.61485,6.99785,12.3907,
3.4,16,5,9,4,2,1.50942,0.590174,1.19643,2.39384,6,6.35085,0.500009,11.5,0,0,0,0,7,0,7,7,6.00094,6.35111,0.50072,11.5012,6.64588,1.42283,5.21356,8.51571,
3.4,11,3,2,0,0,0,0,0,0,0,0,0,0,0,0,0,0,0,0,0,0,0,0,0,0,0,0,0,0,
3.4,14,5,2,2,0,1.8125,0.542957,1.42857,2.19643,0.500009,0,0.500009,0.500009,0,0,0,0,7,0,7,7,0.50072,0,0.50072,0.50072,24.9725,10.9475,17.2314,32.7136,
3.4,19,2,2,10,0,1.30893,0.346881,0.910713,2.19643,0.500009,0,0.500009,0.500009,0,0,0,0,4,0,4,4,0.50072,0,0.50072,0.50072,180.285,19.3567,145.749,205.106,
3.4,4,2,3,5,5,1.34286,0.284708,1.01786,1.80357,0.500009,0,0.500009,0.500009,0,0,0,0,4,0,4,4,0.50072,0,0.50072,0.50072,8.53499,1.76673,6.03498,10.66,
3.4,8,4,3,5,0,5.63928,9.64737,1.14286,22.8929,0.500009,0,0.500009,0.500009,0,0,0,0,7.2,4.38178,4,12,0.50072,0,0.50072,0.50072,17.0743,8.27129,4.49927,25.2493,
3.4,6,3,5,1,0,1.28571,0,1.28571,1.28571,0.500009,0,0.500009,0.500009,0,0,0,0,14,0,14,14,0.50072,0,0.50072,0.50072,63.6064,0,63.6064,63.6064,
3.4,10,4,5,1,1,11.3214,0,11.3214,11.3214,0.500009,0,0.500009,0.500009,0,0,0,0,7,0,7,7,0.50072,0,0.50072,0.50072,2.6957,0,2.6957,2.6957,
3.4,2,4,6,5,0,1.34286,0.188306,1.16071,1.60714,0.500009,0,0.500009,0.500009,0,0,0,0,7,0,7,7,0.50072,0,0.50072,0.50072,17.0243,1.40916,14.5707,17.9814,
3.4,12,4,6,5,0,1.35357,0.209165,1.16071,1.67857,0.500009,0,0.500009,0.500009,0,0,0,0,8.4,3.1305,7,14,0.50072,0,0.50072,0.50072,14.2207,6.44579,2.73141,17.5707,
3.4,18,6,6,5,5,1.07143,0,1.07143,1.07143,0,0,0,0,0,0,0,0,7,0,7,7,0,0,0,0,4.06071,0.65192,2.91071,4.41071,
3.5,7,3,7,7,0,1.42955,0.38327,1.07241,2.09027,6.5,0,6.5,6.5,0,0,0,0,7,0,7,7,6.50116,0,6.50116,6.50116,8.09734,1.78544,5.55143,10.2121,
3.5,15,2,7,6,0,1.45351,0.332882,1.12598,1.87598,6.5,0,6.5,6.5,0,0,0,0,7,0,7,7,6.51217,0.0264595,6.50116,6.56618,7.53134,2.32042,5.15768,10.5157,
3.5,17,6,7,6,0,1.01884,0,1.01884,1.01884,6.5,0,6.5,6.5,0,0,0,0,7,0,7,7,6.50116,0,6.50116,6.50116,4.31928,0,4.31928,4.31928,
3.5,5,3,8,7,2,1.34027,0.204124,1.09027,1.59027,6.5,0,6.5,6.5,0,0,0,0,7,0,7,7,6.50116,0,6.50116,6.50116,5.59479,2.59261,2.73,9.12285,
3.5,9,4,8,0,0,0,0,0,0,0,0,0,0,0,0,0,0,0,0,0,0,0,0,0,0,0,0,0,0,
3.5,13,5,8,4,0,1.13938,0.0867184,1.09027,1.26884,6.5,0,6.5,6.5,0,0,0,0,7,0,7,7,6.50116,0,6.50116,6.50116,5.54696,0.823416,4.64071,6.355,
3.5,1,4,9,4,0,1.57688,0.13472,1.37598,1.6617,11.5,0,11.5,11.5,0,0,0,0,7,0,7,7,11.5012,0,11.5012,11.5012,21.8505,2.38027,18.605,24.1229,
3.5,3,2,9,6,0,1.59622,0.508934,1.17955,2.44741,11.5,0,11.5,11.5,0,0,0,0,7,0,7,7,11.5012,0,11.5012,11.5012,7.37583,2.24766,5.12286,10.605,
3.5,16,5,9,7,0,1.25098,0.12877,1.14384,1.4117,11.5,0,11.5,11.5,0,0,0,0,7,0,7,7,11.5012,0,11.5012,11.5012,4.76571,1.27634,2.98,5.87286,
3.5,11,3,2,1,0,2.17857,0,2.17857,2.17857,0.500009,0,0.500009,0.500009,0,0,0,0,12,0,12,12,0.50072,0,0.50072,0.50072,162.356,0,162.356,162.356,
3.5,14,5,2,9,5,5.81944,9.75251,1.14286,29.5,0.50001,3e-06,0.500009,0.500018,2.07738,3.86045,0,10.3571,7,0,7,7,0.50072,0,0.50072,0.50072,12.5747,18.021,2.67784,50.6778,
3.5,19,2,2,4,1,1.42857,0.315757,1.19643,1.875,0.375007,0.250005,0,0.500009,0,0,0,0,4.75,1.5,4,7,0.37554,0.25036,0,0.50072,134.459,85.4193,7.51786,190.321,
3.5,4,2,3,7,7,1.41837,0.260995,1.17857,1.80357,0.500009,0,0.500009,0.500009,0,0,0,0,4,0,4,4,0.50072,0,0.50072,0.50072,4.29264,1.87636,2.9457,7.03498,
3.5,8,4,3,6,0,2.91071,2.45801,1.16071,7.85714,0.500009,0,0.500009,0.500009,0.505952,1.23933,0,3.03571,4,0,4,4,0.50072,0,0.50072,0.50072,36.8028,4.58722,28.8207,41.3921,
3.5,6,3,5,8,4,1.4308,0.526921,0.910713,2.66071,0.500009,0,0.500009,0.500009,0,0,0,0,4,0,4,4,0.50072,0,0.50072,0.50072,13.9301,8.6402,6.74927,32.7671,
3.5,10,4,5,0,0,0,0,0,0,0,0,0,0,0,0,0,0,0,0,0,0,0,0,0,0,0,0,0,0,
3.5,2,4,6,6,0,1.47619,0.262607,1.125,1.91071,0.500009,0,0.500009,0.500009,0,0,0,0,7,0,7,7,0.50072,0,0.50072,0.50072,20.0142,3.44461,15.9457,24.9814,
3.5,12,4,6,6,0,1.37202,0.366383,0.892856,1.89286,0.500009,0,0.500009,0.500009,0,0,0,0,7,0,7,7,0.50072,0,0.50072,0.50072,15.5737,1.50993,13.41,17.7136,
3.5,18,6,6,6,6,1.07143,0,1.07143,1.07143,0,0,0,0,0,0,0,0,7,0,7,7,0,0,0,0,4.41071,0,4.41071,4.41071,
3.6,7,3,7,6,0,1.26884,0.085266,1.1617,1.34027,6.5,0,6.5,6.5,0,0,0,0,7,0,7,7,6.50116,0,6.50116,6.50116,8.11095,0.560688,7.39071,8.855,
3.6,15,2,7,0,0,0,0,0,0,0,0,0,0,0,0,0,0,0,0,0,0,0,0,0,0,0,0,0,0,
3.6,17,6,7,7,6,1.01884,0,1.01884,1.01884,6.5,0,6.5,6.5,0,0,0,0,7,0,7,7,6.50116,0,6.50116,6.50116,3.1101,0.5332,2.90857,4.31928,
3.6,5,3,8,6,0,1.37301,0.0980789,1.32241,1.57241,6.5,0,6.5,6.5,0,0,0,0,7,0,7,7,6.50116,0,6.50116,6.50116,5.72405,1.5479,3.69428,7.26571,
3.6,9,4,8,0,0,0,0,0,0,0,0,0,0,0,0,0,0,0,0,0,0,0,0,0,0,0,0,0,0,
3.6,13,5,8,8,1,8.32721,12.9627,1.26884,36.0903,6.5,0,6.5,6.5,3.60235,5.37584,0,13.9982,7,0,7,7,6.50116,0,6.50116,6.50116,6.64071,1.78444,2.90857,8.40857,
3.6,1,4,9,6,0,1.39682,0.231845,1.12598,1.6617,11.5,0,11.5,11.5,0,0,0,0,7,0,7,7,11.5012,0,11.5012,11.5012,28.0365,1.05858,25.98,28.9443,
3.6,3,2,9,6,0,1.19741,0,1.19741,1.19741,11.5,0,11.5,11.5,0,0,0,0,7,0,7,7,11.5012,0,11.5012,11.5012,4.95321,1.53728,2.74785,6.89071,
3.6,16,5,9,6,0,1.30455,0.111232,1.1617,1.39384,11.5,0,11.5,11.5,0,0,0,0,7,0,7,7,11.5012,0,11.5012,11.5012,6.95916,1.95838,3.01571,8.19428,
3.6,11,3,2,3,0,1.44643,0.263052,1.14286,1.60714,0.500009,0,0.500009,0.500009,0,0,0,0,7,0,7,7,0.50072,0,0.50072,0.50072,45.8921,19.8741,32.535,68.7314,
3.6,14,5,2,2,1,1.19643,0,1.19643,1.19643,0.500009,0,0.500009,0.500009,0,0,0,0,7,0,7,7,0.50072,0,0.50072,0.50072,41.8653,52.8436,4.49927,79.2314,
3.6,19,2,2,3,0,10.1905,11.0648,1.07143,22.5,0,0,0,0,2.16667,3.75278,0,6.5,7,0,7,7,0,0,0,0,24.4821,17.2475,14.1429,44.3929,
3.6,4,2,3,6,6,1.19048,0.105745,1.03571,1.30357,0.500009,0,0.500009,0.500009,0,0,0,0,4,0,4,4,0.50072,0,0.50072,0.50072,5.46058,2.03551,2.90998,7.74927,
3.6,8,4,3,2,0,1.48214,0.505076,1.125,1.83929,0.500009,0,0.500009,0.500009,0,0,0,0,4,0,4,4,0.50072,0,0.50072,0.50072,82.285,12.9805,73.1064,91.4636,
3.6,6,3,5,6,6,1.35417,0.110896,1.17857,1.42857,0.500009,0,0.500009,0.500009,0,0,0,0,4,0,4,4,0.50072,0,0.50072,0.50072,8.01415,0.418089,7.24927,8.51713,
3.6,10,4,5,5,0,1.62143,0.268274,1.17857,1.91071,0.500009,0,0.500009,0.500009,0,0,0,0,4,0,4,4,0.50072,0,0.50072,0.50072,213.774,3.3735,209.214,217.66,
3.6,2,4,6,6,0,1.60714,0.582811,1.14286,2.66071,0.500009,0,0.500009,0.500009,0,0,0,0,5,1.54919,4,7,0.50072,0,0.50072,0.50072,30.9844,2.4264,27.6957,33.41,
3.6,18,6,6,7,7,1.07143,0,1.07143,1.07143,0,0,0,0,0,0,0,0,4.42857,1.13389,4,7,0,0,0,0,3.23469,0.745767,2.91071,4.91071,
3.7,18,6,7,4,4,1.48313,0.413422,1.1617,2.09027,6.5,0,6.5,6.5,0,0,0,0,2,0,2,2,6.50116,0,6.50116,6.50116,5.13625,0.640434,4.23,5.73,
3.7,2,2,8,2,0,1.28571,0.176777,1.16071,1.41071,0.500009,0,0.500009,0.500009,0,0,0,0,4,0,4,4,0.50072,0,0.50072,0.50072,74.2939,2.96732,72.1957,76.3921,
3.7,10,4,8,13,0,1.43681,0.420852,0.946427,2.60714,0.500009,0,0.500009,0.500009,0,0,0,0,4,0,4,4,0.50072,0,0.50072,0.50072,158.741,30.5317,108.785,204.089,
3.7,20,6,8,4,0,1.62152,0.884289,1.14384,2.94741,6.5,0,6.5,6.5,0,0,0,0,7,0,7,7,6.51742,0.032507,6.50116,6.56618,4.55749,0.473974,3.93284,5.05143,
3.7,1,4,9,7,0,1.22802,0.125727,1.14384,1.4117,11.5,0,11.5,11.5,0,0,0,0,8.14286,1.06904,7,9,11.5012,0,11.5012,11.5012,21.554,12.0523,3.99785,37.6586,
3.7,3,2,9,6,0,1.27479,0.127108,1.17955,1.44741,11.5,0,11.5,11.5,0,0,0,0,8.33333,1.0328,7,9,11.5012,0,11.5012,11.5012,11.983,2.50577,8.19428,14.1586,
3.7,9,2,9,1,0,1.46429,0,1.46429,1.46429,0,0,0,0,0,0,0,0,14,0,14,14,0,0,0,0,404.625,0,404.625,404.625,
3.7,13,5,9,4,0,1.20634,0.0425091,1.17955,1.26884,10.25,2.5,6.5,11.5,0,0,0,0,8.5,1,7,9,10.2512,2.5,6.50116,11.5012,4.17643,2.34525,2.99785,7.69428,
3.7,4,2,2,4,0,4.11607,5.12502,1.53571,11.8036,0.125002,0.250005,0,0.500009,0,0,0,0,7.75,2.5,4,9,0.12518,0.25036,0,0.50072,13.0623,1.79309,10.3929,14.125,
3.7,5,3,2,5,5,1.10357,0.0232827,1.08929,1.14286,0.500009,0,0.500009,0.500009,0,0,0,0,9,0,9,9,0.50072,0,0.50072,0.50072,3.53856,0.628993,2.90998,4.55284,
3.7,7,3,2,6,5,1.39897,0.334643,1.17857,1.83929,1.50001,2.44949,0.500009,6.5,0,0,0,0,8.66667,0.816497,7,9,1.50079,2.44967,0.50072,6.50116,3.60618,1.46163,2.74927,6.51571,
3.7,8,2,2,5,0,10.7071,10.0226,1.60714,26.3393,0.500011,4.02492e-06,0.500009,0.500018,0.799998,1.78885,0,3.99999,4,0,4,4,0.50072,0,0.50072,0.50072,129.092,12.3823,112.91,143.767,
3.7,11,2,3,5,0,1.40714,0.257972,1.14286,1.83929,0.500009,0,0.500009,0.500009,0,0,0,0,7,0,7,7,0.50072,0,0.50072,0.50072,112.478,5.55171,104.517,117.981,
3.7,16,5,3,5,5,1.10714,0.0798589,1.07143,1.25,0.500009,0,0.500009,0.500009,0,0,0,0,7,0,7,7,0.50072,0,0.50072,0.50072,3.80641,0.066095,3.6957,3.87427,
3.7,19,6,3,7,3,3.5102,5.50782,1.10714,15.9821,0.21429,0.267266,0,0.500009,1.14286,2.0325,0,4.98214,7,0,7,7,0.214594,0.267646,0,0.50072,34.1043,29.0611,5.23141,78.25,
3.7,15,5,4,9,4,2.72277,4.00744,1.10714,13.376,3.83334,3.16227,0.500009,6.5,0.28373,0.85119,0,2.55357,4.77778,2.63523,2,7,3.83511,3.16329,0.50072,6.50851,38.954,37.465,3.3207,98.2227,
3.7,17,6,5,5,5,1.08929,0.0978068,1.01786,1.19643,0.500009,0,0.500009,0.500009,0,0,0,0,2,0,2,2,0.50072,0,0.50072,0.50072,3.80284,1.27906,2.87427,5.39213,
3.7,6,3,6,6,6,1.23512,0.347626,0.857144,1.83929,0.500009,0,0.500009,0.500009,0,0,0,0,4,0,4,4,0.50072,0,0.50072,0.50072,3.6332,1.30622,2.89213,6.24927,
3.7,14,4,6,0,0,0,0,0,0,0,0,0,0,0,0,0,0,0,0,0,0,0,0,0,0,0,0,0,0,
3.8,18,6,7,6,6,1.34027,0,1.34027,1.34027,6.5,0,6.5,6.5,0,0,0,0,2,0,2,2,6.50116,0,6.50116,6.50116,6.51869,0.434544,5.92643,6.99785,
3.8,2,2,8,4,0,1.82688,0.556802,1.39384,2.64384,6.5,0,6.5,6.5,0,0,0,0,7,0,7,7,6.50116,0,6.50116,6.50116,23.2077,12.091,14.0871,40.8729,
3.8,10,4,8,2,0,1.61706,0.517703,1.25098,1.98313,6.5,0,6.5,6.5,0,0,0,0,7,0,7,7,6.50116,0,6.50116,6.50116,9.88178,0.669226,9.40857,10.355,
3.8,20,6,8,6,0,1.19741,0,1.19741,1.19741,6.5,0,6.5,6.5,0,0,0,0,7,0,7,7,6.50116,0,6.50116,6.50116,6.84309,0.729015,5.71214,7.73,
3.8,1,4,9,6,0,1.45336,0.102062,1.4117,1.6617,11.5,0,11.5,11.5,0,0,0,0,9,0,9,9,11.5012,0,11.5012,11.5012,11.0633,4.89121,7.73,20.8729,
3.8,3,2,9,6,0,1.18848,0.163955,0.929554,1.44741,11.5,0,11.5,11.5,0,0,0,0,9,0,9,9,11.5012,0,11.5012,11.5012,11.5187,2.26617,8.42643,13.9621,
3.8,9,2,9,1,0,2.2867,0,2.2867,2.2867,11.5,0,11.5,11.5,0,0,0,0,9,0,9,9,11.5012,0,11.5012,11.5012,13.3371,0,13.3371,13.3371,
3.8,13,5,9,6,0,1.34027,0.420155,1.14384,2.19741,11.5,0,11.5,11.5,0,0,0,0,9,0,9,9,11.5012,0,11.5012,11.5012,5.34309,0.553014,4.49785,6.01571,
3.8,4,2,2,6,0,1.36309,0.376217,1.07143,2.01786,0,0,0,0,0.53869,1.31952,0,3.23214,9,0,9,9,0,0,0,0,12.0893,3.27155,8.67857,16.6964,
3.8,5,3,2,6,6,1.22321,0.109352,1,1.26786,0.500009,0,0.500009,0.500009,0,0,0,0,9,0,9,9,0.50072,0,0.50072,0.50072,4.04987,1.0358,2.73141,4.99927,
3.8,7,3,2,6,6,1.16667,0.0872386,1.08929,1.32143,0.500009,0,0.500009,0.500009,0,0,0,0,9,0,9,9,0.50072,0,0.50072,0.50072,5.40403,1.85032,2.90998,6.99927,
3.8,8,2,2,4,0,1.83482,0.461617,1.16071,2.14286,0.250005,0.28868,0,0.500009,0.107143,0.214286,0,0.428572,6.5,2.88675,4,9,0.25036,0.289091,0,0.50072,77.022,74.5381,11.3929,151.964,
3.8,11,2,3,4,1,1.25,0.131223,1.05357,1.32143,0.500009,0,0.500009,0.500009,0,0,0,0,7,0,7,7,0.50072,0,0.50072,0.50072,10.4011,2.21513,8.15999,13.3386,
3.8,16,5,3,6,6,1.32441,0.200896,1.07143,1.625,0.500009,0,0.500009,0.500009,0,0,0,0,7,0,7,7,0.50072,0,0.50072,0.50072,5.8832,0.595556,5.14213,6.64213,
3.8,19,6,3,6,6,1.11012,0.121332,1,1.26786,0.500009,0,0.500009,0.500009,0,0,0,0,7,0,7,7,0.50072,0,0.50072,0.50072,7.13022,0.511559,6.23141,7.62427,
3.8,15,5,4,6,6,1.10714,0,1.10714,1.10714,0.500009,0,0.500009,0.500009,0,0,0,0,2,0,2,2,0.50072,0,0.50072,0.50072,5.23141,0.637077,4.35641,5.85641,
3.8,17,6,5,7,7,1.14541,0.0702491,1.01786,1.19643,0.500009,0,0.500009,0.500009,0,0,0,0,2,0,2,2,0.50072,0,0.50072,0.50072,2.74672,0.0702491,2.6957,2.87427,
3.8,6,3,6,5,0,1.39286,0.386103,1,1.83929,0.500009,0,0.500009,0.500009,0,0,0,0,4,0,4,4,0.50072,0,0.50072,0.50072,32.6636,7.51369,23.6421,42.7671,
3.8,14,4,6,3,0,5.60714,6.37495,1.44643,12.9464,0.500009,0,0.500009,0.500009,0,0,0,0,7,0,7,7,0.50072,0,0.50072,0.50072,191.523,18.6767,173.428,210.731,
3.9,18,6,7,6,6,1.34027,0,1.34027,1.34027,6.5,0,6.5,6.5,0,0,0,0,2,0,2,2,6.50134,0.000428252,6.50116,6.50221,5.6822,0.379359,5.17643,6.105,
3.9,2,2,8,7,0,1.5367,0.370437,1.1617,2.14384,6.5,0,6.5,6.5,0,0,0,0,7,0,7,7,6.50116,0,6.50116,6.50116,31.531,5.59403,26.6943,43.4086,
3.9,10,4,8,9,0,7.53303,12.4502,1.07241,36.251,6.5,0,6.5,6.5,3.19415,5.16209,0,13.9982,7,0,7,7,6.50116,0,6.50116,6.50116,5.96412,2.59842,2.99785,9.31928,
3.9,20,6,8,6,0,1.19741,0,1.19741,1.19741,6.5,0,6.5,6.5,0,0,0,0,7,0,7,7,6.50134,0.000428252,6.50116,6.50221,5.26554,0.236617,4.97895,5.46214,
3.9,1,4,9,7,0,1.4066,0.237957,1.23313,1.9117,11.5,0,11.5,11.5,0,0,0,0,9,0,9,9,11.5012,0,11.5012,11.5012,7.05398,2.91587,2.74785,9.87285,
3.9,3,2,9,7,0,1.177,0.150971,0.929554,1.44741,11.5,0,11.5,11.5,0,0,0,0,9,0,9,9,11.5012,0,11.5012,11.5012,14.3167,1.4424,11.8907,15.5157,
3.9,9,2,9,6,0,3.84027,5.37725,1.30455,14.8046,11.5,0,11.5,11.5,1.04167,2.55155,0,6.25,9,0,9,9,11.5012,0,11.5012,11.5012,17.8401,4.02033,12.9086,24.4264,
3.9,13,5,9,4,0,1.17063,0.0103097,1.1617,1.17955,11.5,0,11.5,11.5,0,0,0,0,9,0,9,9,11.5012,0,11.5012,11.5012,19.4487,9.01952,10.73,28.7657,
3.9,4,2,2,5,0,1.375,0.308262,1.08929,1.80357,0,0,0,0,0,0,0,0,9,0,9,9,0,0,0,0,14.05,1.51225,11.4286,15.2321,
3.9,5,3,2,6,6,1.38393,0.22917,1.08929,1.69643,0.500009,0,0.500009,0.500009,0,0,0,0,9,0,9,9,0.50072,0,0.50072,0.50072,2.78201,0.07,2.73141,2.90998,
3.9,7,3,2,7,7,1.18112,0.00674931,1.17857,1.19643,0.500009,0,0.500009,0.500009,0,0,0,0,9,0,9,9,0.50072,0,0.50072,0.50072,3.14213,0.622102,2.89213,4.55284,
3.9,8,2,2,2,0,1.40178,0.36618,1.14286,1.66071,0,0,0,0,0,0,0,0,9,0,9,9,0,0,0,0,51.3571,5.35381,47.5714,55.1429,
3.9,11,2,3,6,0,1.38393,0.498051,1.01786,2.30357,0.500009,0,0.500009,0.500009,0,0,0,0,7,0,7,7,0.50072,0,0.50072,0.50072,19.9695,2.28196,15.91,22.8207,
3.9,16,5,3,6,6,1.16667,0.204124,1,1.5,0.500009,0,0.500009,0.500009,0,0,0,0,7,0,7,7,0.50072,0,0.50072,0.50072,7.37427,0.624745,6.64213,8.08856,
3.9,19,6,3,6,6,1.04464,0.116688,0.82143,1.125,0.500009,0,0.500009,0.500009,0,0,0,0,7,0,7,7,0.50072,0,0.50072,0.50072,6.20165,0.376047,5.55284,6.62427,
3.9,15,5,4,4,1,1.38839,0.438955,1.10714,2.03571,0.500009,0,0.500009,0.500009,0,0,0,0,2,0,2,2,0.50072,0,0.50072,0.50072,25.1421,13.4833,5.01713,33.7136,
3.9,17,6,5,6,6,1.04464,0.0246142,1.01786,1.07143,0.500009,0,0.500009,0.500009,0,0,0,0,2,0,2,2,0.50072,0,0.50072,0.50072,2.84748,0.0246142,2.8207,2.87427,
3.9,6,3,6,8,5,1.14732,0.0999956,1.01786,1.33929,0.500009,0,0.500009,0.500009,0,0,0,0,4,0,4,4,0.50072,0,0.50072,0.50072,10.2493,10.0985,3.15998,30.2671,
3.9,14,4,6,3,0,1.40476,0.314575,1.07143,1.69643,0.500009,0,0.500009,0.500009,0.833333,1.44338,0,2.5,6,1.73205,4,7,0.50072,0,0.50072,0.50072,166.124,114.388,34.285,238.999,
4,20,6,7,4,2,1.20188,0.117889,1.0367,1.2867,6.5,0,6.5,6.5,0,0,0,0,3.25,2.5,2,7,6.50116,0,6.50116,6.50116,11.4086,14.0768,3.23,32.48,
4,2,4,8,5,0,1.69027,0.53042,1.39384,2.62598,6.5,0,6.5,6.5,0,0,0,0,5.8,1.64317,4,7,6.60116,0.223612,6.50116,7.00117,44.7121,8.36476,35.1586,56.105,
4,14,5,8,5,0,1.55754,0.420916,1.23214,2.25,2.90001,3.28633,0.500009,6.5,0,0,0,0,4,0,4,4,2.9009,3.28658,0.50072,6.50116,37.3416,29.3006,6.51571,70.7314,
4,3,2,2,5,1,1.41091,0.364459,1.01786,2,2.3,5.14296,0,11.5,0,0,0,0,11.4,1.34164,9,12,2.30023,5.14348,0,11.5012,7.16386,3.87699,2.96429,13.4979,
4,8,4,2,4,0,21.6205,13.6267,3.60714,35.375,0,0,0,0,13.3839,11.4992,0,26.7679,9,0,9,9,0,0,0,0,71.558,12.7869,56.1429,84.6964,
4,9,4,2,2,0,7.92063,9.73535,1.0367,14.8046,11.5,0,11.5,11.5,3.38393,4.7856,0,6.76786,9,0,9,9,11.5012,0,11.5012,11.5012,44.3818,21.3016,29.3193,59.4443,
4,13,5,2,5,0,1.38273,0.35582,1.08929,1.94741,7.1,6.02494,0.500009,11.5,0,0,0,0,10.2,1.64317,9,12,7.10099,6.02519,0.50072,11.5012,31.2127,20.4582,10.16,53.1764,
4,19,2,2,1,1,1.01786,0,1.01786,1.01786,0.500009,0,0.500009,0.500009,0,0,0,0,7,0,7,7,0.50072,0,0.50072,0.50072,6.17784,0,6.17784,6.17784,
4,1,4,3,1,0,1.44643,0,1.44643,1.44643,0.500009,0,0.500009,0.500009,0,0,0,0,2,0,2,2,0.50072,0,0.50072,0.50072,63.6957,0,63.6957,63.6957,
4,4,2,4,3,0,9.16667,10.2607,1.57143,20.8393,0,0,0,0,4.67262,4.40526,0,8.75,9,0,9,9,0,0,0,0,49.5655,30.2116,16.5714,75.875,
4,5,3,4,6,6,1.08036,0.098942,1,1.23214,0.500009,0,0.500009,0.500009,0,0,0,0,11.5,1.22474,9,12,0.50072,0,0.50072,0.50072,2.87129,0.069083,2.73141,2.90998,
4,6,4,4,4,1,1.91518,1.08585,1.10714,3.51786,0.125002,0.250005,0,0.500009,0,0,0,0,10,4,4,12,0.12518,0.25036,0,0.50072,19.1516,9.97967,5.87427,28.9286,
4,7,3,4,5,5,1.06786,0.12333,0.982143,1.25,0.500009,0,0.500009,0.500009,0,0,0,0,12,0,12,12,0.50072,0,0.50072,0.50072,2.85641,0.0703031,2.73141,2.89213,
4,11,4,4,0,0,0,0,0,0,0,0,0,0,0,0,0,0,0,0,0,0,0,0,0,0,0,0,0,0,
4,10,4,5,3,0,1.34524,0.144338,1.17857,1.42857,0.500009,0,0.500009,0.500009,0,0,0,0,9,0,9,9,0.50072,0,0.50072,0.50072,21.7671,4.1439,17.5707,25.8564,
4,16,5,5,7,7,1.23725,0.163245,1,1.51786,0.0714299,0.188986,0,0.500009,0,0,0,0,8.71429,0.755929,7,9,0.0715314,0.189254,0,0.50072,5.82643,2.30001,2.67857,8.89213,
4,17,6,5,6,6,1.11607,0.0901734,1.01786,1.19643,0.500009,0,0.500009,0.500009,0,0,0,0,7.83333,2.85774,2,9,0.50072,0,0.50072,0.50072,2.83558,0.0877846,2.73141,2.90999,
4,18,6,5,6,6,1.22338,0.298403,1,1.76786,1.50001,2.44949,0.500009,6.5,0,0,0,0,7.83333,2.85774,2,9,1.50097,2.4501,0.50072,6.50221,4.03457,1.39831,2.73141,5.92538,
4,15,2,6,1,0,2.03571,0,2.03571,2.03571,0.500009,0,0.500009,0.500009,0,0,0,0,2,0,2,2,0.50072,0,0.50072,0.50072,115.999,0,115.999,115.999,
4.1,20,6,7,8,6,1.36482,0.273651,1.10813,2.01884,6.5,0,6.5,6.5,0,0,0,0,2,0,2,2,6.50116,0,6.50116,6.50116,8.72776,11.475,2.92642,33.98,
4.1,2,4,8,4,0,1.51884,0.156356,1.35813,1.6617,6.5,0,6.5,6.5,0,0,0,0,4,0,4,4,6.50116,0,6.50116,6.50116,87.2925,8.20691,79.105,97.1586,
4.1,14,5,8,7,7,1.48568,0.173263,1.37598,1.87598,6.5,0,6.5,6.5,0,0,0,0,4,0,4,4,6.50116,0,6.50116,6.50116,3.41367,0.702637,2.73,4.69428,
4.1,3,2,2,6,2,1.26786,0.273861,1.01786,1.76786,0,0,0,0,0,0,0,0,12,0,12,12,0,0,0,0,6.60417,3.58016,2.73214,11.4464,
4.1,8,4,2,4,0,3.96875,5.28799,1.16071,11.8929,0.375007,0.250005,0,0.500009,2.25,4.5,0,9,12,0,12,12,0.37554,0.25036,0,0.50072,105.2,8.63608,92.9643,111.892,
4.1,9,4,2,0,0,0,0,0,0,0,0,0,0,0,0,0,0,0,0,0,0,0,0,0,0,0,0,0,0,
4.1,13,5,2,7,1,4.17602,6.77399,1.08929,19.4286,0.50001,3.40168e-06,0.500009,0.500018,4.33163,5.108,0,12,12,0,12,12,0.50072,0,0.50072,0.50072,3.63703,0.621566,2.90998,4.26713,
4.1,19,2,2,0,0,0,0,0,0,0,0,0,0,0,0,0,0,0,0,0,0,0,0,0,0,0,0,0,0,
4.1,1,4,3,5,0,1.275,0.412187,0.964286,1.98214,0.500009,0,0.500009,0.500009,0,0,0,0,2,0,2,2,0.50072,0,0.50072,0.50072,99.7671,3.4823,94.6421,103.41,
4.1,4,2,4,6,0,4.42857,6.97406,1.32143,18.625,0.500011,3.67423e-06,0.500009,0.500018,4.64881,5.10652,0,12,12,0,12,12,0.50072,0,0.50072,0.50072,7.79689,2.22227,4.96356,11.2136,
4.1,5,3,4,6,6,1,0,1,1,0.500009,0,0.500009,0.500009,0,0,0,0,12,0,12,12,0.50072,0,0.50072,0.50072,2.89213,0,2.89213,2.89213,
4.1,6,4,4,6,0,1.54464,0.284091,1.28571,2.01786,0,0,0,0,0,0,0,0,12,0,12,12,0,0,0,0,42.3095,5.92172,32.9821,48.375,
4.1,7,3,4,7,7,0.982143,0,0.982143,0.982143,0.500009,0,0.500009,0.500009,0,0,0,0,12,0,12,12,0.50072,0,0.50072,0.50072,2.89213,0,2.89213,2.89213,
4.1,11,4,4,2,0,1.92857,0.505076,1.57143,2.28571,0.500009,0,0.500009,0.500009,0,0,0,0,7,0,7,7,0.50072,0,0.50072,0.50072,152.865,12.0839,144.321,161.41,
4.1,10,4,5,5,0,1.25357,0.423218,0.892856,1.91071,0.500009,0,0.500009,0.500009,0,0,0,0,9,0,9,9,0.50072,0,0.50072,0.50072,37.5028,4.51004,31.4457,41.8921,
4.1,16,5,5,6,6,1.22024,0.0702274,1.08929,1.26786,0,0,0,0,0,0,0,0,9,0,9,9,0,0,0,0,3.38988,0.845638,2.67857,4.64286,
4.1,17,6,5,6,6,1.05952,0.0674481,1.01786,1.19643,0.500009,0,0.500009,0.500009,0,0,0,0,9,0,9,9,0.50072,0,0.50072,0.50072,2.86832,0.0674481,2.73141,2.90998,
4.1,18,6,5,6,4,0.961309,0.107391,0.75,1.01786,0.500009,0,0.500009,0.500009,0,0,0,0,9,0,9,9,0.50072,0,0.50072,0.50072,8.85641,8.96744,2.90998,20.9993,
4.1,15,2,6,2,0,1.39286,0.20203,1.25,1.53571,0.500009,0,0.500009,0.500009,0,0,0,0,2,0,2,2,0.50072,0,0.50072,0.50072,122.24,8.49791,116.231,128.249,
4.2,20,6,7,6,6,1.2867,0,1.2867,1.2867,6.5,0,6.5,6.5,0,0,0,0,2,0,2,2,6.50116,0,6.50116,6.50116,2.76869,0.094772,2.73,2.96214,
4.2,2,4,8,4,0,1.58134,0.351292,1.39384,2.10813,6.5,0,6.5,6.5,0,0,0,0,4,0,4,4,6.50116,0,6.50116,6.50116,107.493,7.6806,98.1764,116.355,
4.2,14,5,8,6,6,1.51884,0.315015,1.37598,2.1617,6.5,0,6.5,6.5,0,0,0,0,4,0,4,4,6.50116,0,6.50116,6.50116,3.42643,0.263658,3.23,3.78357,
4.2,3,2,2,6,1,1.13095,0.137705,1,1.26786,0,0,0,0,0,0,0,0,12,0,12,12,0,0,0,0,7.8006,2.59403,3.39286,10.6786,
4.2,8,4,2,4,0,1.4375,0.128356,1.33929,1.625,0.500009,0,0.500009,0.500009,0,0,0,0,12,0,12,12,0.50072,0,0.50072,0.50072,141.214,12.5051,133.178,159.642,
4.2,9,4,2,6,0,1.76488,0.46145,1.26786,2.26786,0.500009,0,0.500009,0.500009,0,0,0,0,12,0,12,12,0.50072,0,0.50072,0.50072,113.166,6.40659,103.696,120.856,
4.2,13,5,2,6,0,1.22619,0.240553,1.05357,1.55357,0.500009,0,0.500009,0.500009,0,0,0,0,12,0,12,12,0.50072,0,0.50072,0.50072,4.60641,0.402479,4.17784,5.1957,
4.2,19,2,2,0,0,0,0,0,0,0,0,0,0,0,0,0,0,0,0,0,0,0,0,0,0,0,0,0,0,
4.2,1,4,3,4,0,1.42411,0.241071,1.23214,1.73214,0.500009,0,0.500009,0.500009,0,0,0,0,2,0,2,2,0.50072,0,0.50072,0.50072,115.597,5.64806,109.231,122.356,
4.2,4,2,4,6,1,1.15178,0.0922716,1.10714,1.33929,0.500009,0,0.500009,0.500009,0,0,0,0,12,0,12,12,0.50072,0,0.50072,0.50072,8.1332,2.47278,3.99927,10.8921,
4.2,5,3,4,6,6,1,0,1,1,0.500009,0,0.500009,0.500009,0,0,0,0,12,0,12,12,0.50072,0,0.50072,0.50072,2.89213,0,2.89213,2.89213,
4.2,6,4,4,4,0,1.33036,0.314576,1.01786,1.76786,0,0,0,0,0,0,0,0,12,0,12,12,0,0,0,0,61.2054,5.74997,54.9286,68.4286,
4.2,7,3,4,6,6,1.05952,0.189544,0.982143,1.44643,0.500009,0,0.500009,0.500009,0,0,0,0,12,0,12,12,0.50072,0,0.50072,0.50072,2.85641,0.0874819,2.67784,2.89213,
4.2,11,4,4,4,0,1.55803,0.613825,0.946427,2.41071,0,0,0,0,0,0,0,0,12,0,12,12,0,0,0,0,31.875,10.1531,19.9643,43.875,
4.2,10,4,5,5,0,1.55714,0.44988,1.17857,2.33928,0.500009,0,0.500009,0.500009,0,0,0,0,9,0,9,9,0.50072,0,0.50072,0.50072,56.8564,9.95762,43.6421,68.2136,
4.2,16,5,5,6,6,1.0744,0.144815,0.892858,1.26786,0,0,0,0,0,0,0,0,9,0,9,9,0,0,0,0,4.80952,0.152223,4.5,4.89286,
4.2,17,6,5,6,6,1.02083,0.00729009,1.01786,1.03571,0.500009,0,0.500009,0.500009,0,0,0,0,9,0,9,9,0.50072,0,0.50072,0.50072,2.90701,0.00729009,2.89213,2.90998,
4.2,18,6,5,7,7,1.01786,0,1.01786,1.01786,0.500009,0,0.500009,0.500009,0,0,0,0,9,0,9,9,0.50072,0,0.50072,0.50072,3.01713,0.283473,2.90998,3.65998,
4.2,15,2,6,1,0,1.98214,0,1.98214,1.98214,0.500009,0,0.500009,0.500009,0,0,0,0,2,0,2,2,0.50072,0,0.50072,0.50072,126.874,0,126.874,126.874,
4.3,7,2,7,2,0,11.9112,15.2287,1.14286,22.6796,3.5,4.24263,0.500009,6.5,0,0,0,0,10.5,2.12132,9,12,3.50094,4.24295,0.50072,6.50116,20.1057,4.54669,16.8907,23.3207,
4.3,11,3,7,1,0,1.625,0,1.625,1.625,0,0,0,0,0,0,0,0,12,0,12,12,0,0,0,0,49.7143,0,49.7143,49.7143,
4.3,19,6,7,0,0,0,0,0,0,0,0,0,0,0,0,0,0,0,0,0,0,0,0,0,0,0,0,0,0,
4.3,20,6,7,6,1,1.24503,0.102062,1.0367,1.2867,6.5,0,6.5,6.5,0,0,0,0,7.83333,2.85774,2,9,6.50116,0,6.50116,6.50116,7.34012,1.25155,5.15857,8.19428,
4.3,8,3,8,6,0,3.77083,5.69447,1.375,15.3929,0.500009,0,0.500009,0.500009,2.66369,4.31443,0,9.98214,12,0,12,12,0.50072,0,0.50072,0.50072,162.809,6.571,155.106,170.321,
4.3,16,5,8,5,5,1.20436,0.0155326,1.19741,1.23214,5.2,2.90689,0,6.5,0,0,0,0,7.4,0.894427,7,9,5.20093,2.90741,0,6.50116,3.16971,0.983233,2.73,4.92857,
4.3,17,6,8,5,1,1.31864,0.208755,1.01786,1.60813,5.3,2.68328,0.500009,6.5,0,0,0,0,7.4,0.894427,7,9,5.30107,2.68348,0.50072,6.50116,7.36957,2.51112,2.90998,8.96214,
4.3,1,4,2,10,1,1.41964,0.2088,1.21429,1.75,0.500009,0,0.500009,0.500009,0,0,0,0,2.2,0.632456,2,4,0.50072,0,0.50072,0.50072,92.5564,35.3411,3.67784,126.678,
4.3,3,2,2,7,4,1.22959,0.10124,1,1.26786,0,0,0,0,0,0,0,0,6.28571,3.9036,4,12,0,0,0,0,9.67347,2.43292,6.5,13.8571,
4.3,2,4,3,10,2,1.44186,0.224936,1.16071,1.9117,5.3,2.52982,0.500009,6.5,0,0,0,0,5,2.10819,4,9,5.30107,2.53001,0.50072,6.50116,77.2142,42.9051,2.73141,121.141,
4.3,4,2,3,6,0,1.18452,0.134897,1.07143,1.35714,0.500009,0,0.500009,0.500009,0,0,0,0,9.5,1.22474,9,12,0.50072,0,0.50072,0.50072,9.71951,2.76998,7.23141,14.6957,
4.3,5,3,3,5,1,1.24643,0.18359,1,1.44643,0.100002,0.223611,0,0.500009,0,0,0,0,9.6,1.34164,9,12,0.100144,0.223929,0,0.50072,9.37843,3.64413,2.89213,11.4821,
4.3,15,3,3,0,0,0,0,0,0,0,0,0,0,0,0,0,0,0,0,0,0,0,0,0,0,0,0,0,0,
4.3,10,3,4,0,0,0,0,0,0,0,0,0,0,0,0,0,0,0,0,0,0,0,0,0,0,0,0,0,0,
4.3,14,5,4,5,5,1.16071,0.0399304,1.08929,1.17857,0.500009,0,0.500009,0.500009,0,0,0,0,4,0,4,4,0.50072,0,0.50072,0.50072,3.48856,0.285603,3.17784,3.74927,
4.3,9,4,5,8,0,4.86607,7.61558,1.03571,23.0179,0.500009,0,0.500009,0.500009,5.30357,5.78104,0,13.75,12,0,12,12,0.50072,0,0.50072,0.50072,94.1064,13.1294,78.2493,122.41,
4.3,13,5,5,6,5,1.32143,0.149403,1.05357,1.41071,0.0833348,0.204128,0,0.500009,0,0,0,0,5.33333,3.26599,4,12,0.0834533,0.204418,0,0.50072,3.14869,0.714951,2.73214,4.55284,
4.3,6,2,6,2,0,1.39286,0.151523,1.28571,1.5,0,0,0,0,0,0,0,0,12,0,12,12,0,0,0,0,104.232,45.3306,72.1786,136.286,
4.3,18,6,6,5,5,1.27857,0.146494,1.14286,1.44643,0,0,0,0,0,0,0,0,4,0,4,4,0,0,0,0,7.47857,0.439845,6.75,7.91071,
4.4,7,2,7,1,0,6.68044,0,6.68044,6.68044,6.5,0,6.5,6.5,8.99911,0,8.99911,8.99911,9,0,9,9,6.50116,0,6.50116,6.50116,98.4443,0,98.4443,98.4443,
4.4,11,3,7,3,0,1.76786,0.278938,1.44643,1.94643,0,0,0,0,0,0,0,0,12,0,12,12,0,0,0,0,191.238,10.5742,179.143,198.732,
4.4,19,6,7,8,0,61.0513,36.2847,7.17857,110.179,0,0,0,0,35.1272,26.5176,0,75,12,0,12,12,0,0,0,0,284.839,10.9876,270.161,298.232,
4.4,20,6,7,6,0,1.39399,0.301378,1.01884,1.78759,6.5,0,6.5,6.5,0,0,0,0,9,0,9,9,6.50116,0,6.50116,6.50116,13.215,5.48537,8.90857,24.1229,
4.4,8,3,8,5,0,1.63214,0.590718,1.08929,2.625,0.500009,0,0.500009,0.500009,0.460714,1.03019,0,2.30357,12,0,12,12,0.50072,0,0.50072,0.50072,157.664,4.96211,151.606,164.481,
4.4,16,5,8,6,6,1.19741,0,1.19741,1.19741,6.5,0,6.5,6.5,0,0,0,0,7,0,7,7,6.50116,0,6.50116,6.50116,2.73,0,2.73,2.73,
4.4,17,6,8,6,0,1.37301,0.116505,1.30455,1.60813,6.5,0,6.5,6.5,0,0,0,0,7,0,7,7,6.50116,0,6.50116,6.50116,8.22107,0.75633,7.26571,9.26571,
4.4,1,4,2,6,6,1.34524,0.0683871,1.26786,1.42857,0.500009,0,0.500009,0.500009,0,0,0,0,4,0,4,4,0.50072,0,0.50072,0.50072,5.27308,1.53711,3.10641,7.14213,
4.4,3,2,2,6,6,1.19643,0.171279,1,1.48214,0,0,0,0,0,0,0,0,4,0,4,4,0,0,0,0,8.44643,1.55199,5.89286,10.2143,
4.4,2,4,3,6,6,1.43155,0.363236,1.16071,2.14286,0.500009,0,0.500009,0.500009,0,0,0,0,9,0,9,9,0.50072,0,0.50072,0.50072,4.02606,1.44595,2.73141,5.92784,
4.4,4,2,3,6,1,1.26786,0.205784,1.08929,1.60714,0.500009,0,0.500009,0.500009,0,0,0,0,9,0,9,9,0.50072,0,0.50072,0.50072,8.35344,1.51099,5.83856,10.1064,
4.4,5,3,3,7,2,1.2653,0.123902,1.17857,1.44643,0,0,0,0,0,0,0,0,9,0,9,9,0,0,0,0,8.40306,2.51604,3.21429,10.8393,
4.4,15,3,3,0,0,0,0,0,0,0,0,0,0,0,0,0,0,0,0,0,0,0,0,0,0,0,0,0,0,
4.4,10,3,4,5,0,1.63571,0.342001,1.17857,1.89286,0.500009,0,0.500009,0.500009,0,0,0,0,9,0,9,9,0.50072,0,0.50072,0.50072,180.396,18.1988,156.41,199.178,
4.4,14,5,4,7,7,1.17857,0,1.17857,1.17857,0.500009,0,0.500009,0.500009,0,0,0,0,4,0,4,4,0.50072,0,0.50072,0.50072,3.00437,0.296972,2.89213,3.67784,
4.4,9,4,5,2,0,1.08929,0,1.08929,1.08929,0.500009,0,0.500009,0.500009,0,0,0,0,4,0,4,4,0.50072,0,0.50072,0.50072,71.785,6.16193,67.4278,76.1421,
4.4,13,5,5,6,6,1.41071,0,1.41071,1.41071,0,0,0,0,0,0,0,0,4,0,4,4,0,0,0,0,2.73214,0,2.73214,2.73214,
4.4,6,2,6,4,1,1.41071,0.143599,1.23214,1.53571,0.125002,0.250005,0,0.500009,0,0,0,0,10,4,4,12,0.12518,0.25036,0,0.50072,137.134,84.5886,10.4814,185.161,
4.4,18,6,6,6,6,1.26786,0.117911,1.17857,1.42857,0,0,0,0,0,0,0,0,4,0,4,4,0,0,0,0,6.92857,0.676972,5.96429,7.71429,
4.5,7,2,7,12,0,4.37449,4.75773,1.17955,14.6796,6.5,0,6.5,6.5,1.23363,2.25594,0,5.5,9,0,9,9,6.50116,0,6.50116,6.50116,76.2508,26.1281,27.355,106.748,
4.5,11,3,7,5,0,1.43313,0.228822,1.10813,1.6617,6.5,0,6.5,6.5,0,0,0,0,9,0,9,9,6.50116,0,6.50116,6.50116,9.72285,5.76867,4.80143,19.3193,
4.5,19,6,7,10,0,1.37718,0.21926,1.16071,1.92857,2.6,3.35659,0,6.5,40.0804,34.9275,0,76.25,10.8,1.54919,9,12,2.60697,3.36563,0,6.56618,148.359,125.347,2.93284,266.982,
4.5,20,6,7,6,0,1.15575,0.0746307,1.0367,1.26884,6.5,0,6.5,6.5,0,0,0,0,9,0,9,9,6.50116,0,6.50116,6.50116,3.42047,0.265986,3.105,3.74785,
4.5,8,3,8,5,0,1.75098,0.299607,1.26884,2.00098,6.5,0,6.5,6.5,0,0,0,0,7,0,7,7,6.50116,0,6.50116,6.50116,9.55143,6.45939,4.01571,19.7479,
4.5,16,5,8,7,7,1.19741,0,1.19741,1.19741,6.5,0,6.5,6.5,0,0,0,0,7,0,7,7,6.50116,0,6.50116,6.50116,2.73,0,2.73,2.73,
4.5,17,6,8,6,1,1.28075,0.150113,1.17956,1.55455,6.5,0,6.5,6.5,0,0,0,0,7,0,7,7,6.50116,0,6.50116,6.50116,3.33714,0.256547,3.06928,3.81928,
4.5,1,4,2,6,6,1.35119,0.07463,1.25,1.42857,0.500009,0,0.500009,0.500009,0,0,0,0,4,0,4,4,0.50072,0,0.50072,0.50072,5.69868,1.47303,2.90998,6.89213,
4.5,3,2,2,7,7,1.21939,0.0971064,1,1.26786,0,0,0,0,0,0,0,0,4,0,4,4,0,0,0,0,9.02296,1.26885,7.16071,10.4464,
4.5,2,4,3,6,6,1.26786,0.115175,1.16071,1.41071,0.500009,0,0.500009,0.500009,0,0,0,0,9,0,9,9,0.50072,0,0.50072,0.50072,5.46356,1.28735,2.90998,6.23141,
4.5,4,2,3,7,0,1.12755,0.101764,1.07143,1.35714,0.500009,0,0.500009,0.500009,0,0,0,0,9,0,9,9,0.50072,0,0.50072,0.50072,9.93805,1.52142,8.21356,11.6957,
4.5,5,3,3,6,6,1.26488,0.176566,1.17857,1.625,0,0,0,0,0,0,0,0,9,0,9,9,0,0,0,0,5.75595,1.45101,3.5,7.375,
4.5,15,3,3,0,0,0,0,0,0,0,0,0,0,0,0,0,0,0,0,0,0,0,0,0,0,0,0,0,0,
4.5,10,3,4,1,1,16.5,0,16.5,16.5,0.500009,0,0.500009,0.500009,0,0,0,0,4,0,4,4,0.50072,0,0.50072,0.50072,7.65999,0,7.65999,7.65999,
4.5,14,5,4,6,6,1.17857,0,1.17857,1.17857,0.500009,0,0.500009,0.500009,0,0,0,0,4,0,4,4,0.50072,0,0.50072,0.50072,3.37427,0.319837,3.15998,3.89213,
4.5,9,4,5,1,0,1.08929,0,1.08929,1.08929,0.500009,0,0.500009,0.500009,0,0,0,0,4,0,4,4,0.50072,0,0.50072,0.50072,123.66,0,123.66,123.66,
4.5,13,5,5,6,6,1.41071,0,1.41071,1.41071,0,0,0,0,0,0,0,0,4,0,4,4,0,0,0,0,2.98214,0.612372,2.73214,4.23214,
4.5,6,2,6,2,0,1.33929,0.3283,1.10714,1.57143,0.500009,0,0.500009,0.500009,0,0,0,0,4,0,4,4,0.50072,0,0.50072,0.50072,29.4993,13.5866,19.8921,39.1064,
4.5,18,6,6,7,7,1.21684,0.227618,1.01786,1.69643,0,0,0,0,0,0,0,0,4,0,4,4,0,0,0,0,2.84439,0.110423,2.73214,3,
4.6,11,4,7,5,0,1.4867,0.391312,1.14384,2.1617,6.5,0,6.5,6.5,0,0,0,0,9,0,9,9,6.50116,0,6.50116,6.50116,12.6443,4.6524,5.89071,17.3729,
4.6,17,6,7,5,0,1.05813,0.0782463,1.01884,1.19741,6.5,0,6.5,6.5,0,0,0,0,8.6,0.894427,7,9,6.50116,0,6.50116,6.50116,3.51571,0.289595,3.37285,4.03357,
4.6,18,6,7,4,0,1.40277,0.017857,1.37598,1.4117,6.5,0,6.5,6.5,0,0,0,0,9,0,9,9,6.50116,0,6.50116,6.50116,2.9175,0.017857,2.90857,2.94428,
4.6,20,6,7,7,0,1.24856,0.276649,1.10813,1.85813,6.5,0,6.5,6.5,0,0,0,0,9,0,9,9,6.50116,0,6.50116,6.50116,4.3166,0.456717,3.62285,5.17642,
4.6,7,3,8,6,4,1.48313,0.387791,1.07241,2.14384,6.5,0,6.5,6.5,0,0,0,0,4.33333,3.61478,2,9,6.50116,0,6.50116,6.50116,8.04845,5.78857,2.73,18.1764,
4.6,4,2,9,4,0,1.28645,0.160749,1.10714,1.44741,8.75,5.5,0.500009,11.5,0,0,0,0,5.25,2.5,4,9,8.75105,5.50022,0.50072,11.5012,8.49374,2.23013,5.89071,10.9636,
4.6,6,3,9,0,0,0,0,0,0,0,0,0,0,0,0,0,0,0,0,0,0,0,0,0,0,0,0,0,0,
4.6,3,2,2,6,6,1.34226,0.115406,1.26786,1.5,0,0,0,0,0,0,0,0,4,0,4,4,0,0,0,0,8.55357,1.82597,5.625,11.2321,
4.6,8,4,2,4,2,1.2815,0.0220142,1.25098,1.30357,2.00001,3,0.500009,6.5,0,0,0,0,4.75,1.5,4,7,2.00083,3.00022,0.50072,6.50116,12.4677,5.29232,6.10642,18.9086,
4.6,13,2,3,1,1,1.41071,0,1.41071,1.41071,0,0,0,0,0,0,0,0,4,0,4,4,0,0,0,0,2.73214,0,2.73214,2.73214,
4.6,14,5,3,6,6,1.69643,0.435802,1.17857,2.08928,0.500009,0,0.500009,0.500009,0,0,0,0,6.5,1.22474,4,7,0.50072,0,0.50072,0.50072,3.92784,1.24386,2.73141,5.90999,
4.6,16,5,3,5,5,1.23214,0.0978068,1.125,1.30357,0.500009,0,0.500009,0.500009,0,0,0,0,7,0,7,7,0.50072,0,0.50072,0.50072,4.13499,0.897009,3.17784,4.98141,
4.6,2,4,4,4,3,1.22321,0.183561,1,1.44643,0,0,0,0,0,0,0,0,2,0,2,2,0,0,0,0,11.4286,5.23165,4.94643,17.6429,
4.6,5,3,5,6,6,1.24405,0.152641,1.08929,1.51786,0.416674,0.204128,0,0.500009,0,0,0,0,4.83333,2.04124,4,9,0.417267,0.204418,0,0.50072,4.05296,1.08855,2.80284,5.12427,
4.6,19,6,5,7,6,1.13024,0.108361,1.08929,1.37598,1.35715,2.26778,0.500009,6.5,0,0,0,0,4.71429,1.88982,4,9,1.35793,2.26795,0.50072,6.50116,4.62917,0.0935723,4.48,4.80284,
4.6,1,4,6,5,1,1.35714,0.206711,1.19643,1.69643,0.500009,0,0.500009,0.500009,0,0,0,0,8,2.23607,4,9,0.50072,0,0.50072,0.50072,10.0671,3.2465,7.23141,14.41,
4.6,9,2,6,2,0,1.21429,0.176777,1.08929,1.33929,0.500009,0,0.500009,0.500009,0,0,0,0,4,0,4,4,0.50072,0,0.50072,0.50072,241.16,4.04061,238.303,244.017,
4.6,10,4,6,4,0,1.85268,0.487814,1.41071,2.375,0.500009,0,0.500009,0.500009,0.758929,1.51786,0,3.03571,7.75,2.5,4,9,0.50072,0,0.50072,0.50072,29.7895,28.4922,10.6064,72.1064,
4.6,15,5,6,16,4,2.57031,4.02224,0.964286,17.4821,0.50001,2.25e-06,0.500009,0.500018,1.17522,1.81275,0,5.69643,5.0625,3.58643,2,9,0.50072,0,0.50072,0.50072,217.227,195.707,2.78498,435.285,
4.7,11,4,7,7,0,1.5418,0.420777,1.14384,2.14384,6.5,0,6.5,6.5,0,0,0,0,9,0,9,9,6.50116,0,6.50116,6.50116,15.5744,4.6015,9.105,20.5871,
4.7,17,6,7,6,0,1.01884,0,1.01884,1.01884,6.5,0,6.5,6.5,0,0,0,0,9,0,9,9,6.50116,0,6.50116,6.50116,3.39071,0,3.39071,3.39071,
4.7,18,6,7,6,0,1.4117,0,1.4117,1.4117,6.5,0,6.5,6.5,0,0,0,0,9,0,9,9,6.50116,0,6.50116,6.50116,2.90857,0,2.90857,2.90857,
4.7,20,6,7,6,0,1.10813,0,1.10813,1.10813,6.5,0,6.5,6.5,0,0,0,0,9,0,9,9,6.50116,0,6.50116,6.50116,4.31928,0,4.31928,4.31928,
4.7,7,3,8,6,6,1.24801,0.00729009,1.23313,1.25098,6.5,0,6.5,6.5,0,0,0,0,2,0,2,2,6.50116,0,6.50116,6.50116,4.08416,1.32034,2.74785,5.64071,
4.7,4,2,9,7,0,1.22547,0.271377,0.929554,1.69741,11.5,0,11.5,11.5,0,0,0,0,4,0,4,4,11.5012,0,11.5012,11.5012,8.80398,1.82316,4.89071,10.2121,
4.7,6,3,9,3,0,1.78604,0.917355,1.1617,2.83928,4.16667,6.35085,0.500009,11.5,0,0,0,0,4,0,4,4,4.16753,6.35111,0.50072,11.5012,133.433,110.778,5.64071,202.178,
4.7,3,2,2,6,6,1.38393,0.133988,1.25,1.51786,0,0,0,0,0,0,0,0,4,0,4,4,0,0,0,0,8.82441,0.433663,8.25,9.46429,
4.7,8,4,2,7,3,1.42602,0.338255,1.05357,2.01786,0.500009,0,0.500009,0.500009,0,0,0,0,4,0,4,4,0.50072,0,0.50072,0.50072,11.8054,2.15656,8.42784,14.1778,
4.7,13,2,3,0,0,0,0,0,0,0,0,0,0,0,0,0,0,0,0,0,0,0,0,0,0,0,0,0,0,
4.7,14,5,3,6,3,1.52976,0.330365,1.125,2.08928,0.500009,0,0.500009,0.500009,0,0,0,0,7,0,7,7,0.50072,0,0.50072,0.50072,12.5886,6.85012,7.15999,21.4814,
4.7,16,5,3,6,6,1.23512,0.0863191,1.125,1.30357,0.500009,0,0.500009,0.500009,0,0,0,0,7,0,7,7,0.50072,0,0.50072,0.50072,6.38915,1.24895,3.90998,7.23141,
4.7,2,4,4,7,4,1.17347,0.118771,1,1.25,0,0,0,0,0,0,0,0,2,0,2,2,0,0,0,0,14.5128,5.53156,8.42857,22.6786,
4.7,5,3,5,7,7,1.16071,0.0898783,1.08929,1.26786,0.500009,0,0.500009,0.500009,0,0,0,0,4,0,4,4,0.50072,0,0.50072,0.50072,4.45845,1.30686,2.90998,6.73141,
4.7,19,6,5,6,6,1.08929,0,1.08929,1.08929,0.500009,0,0.500009,0.500009,0,0,0,0,4,0,4,4,0.50072,0,0.50072,0.50072,4.40998,0,4.40998,4.40998,
4.7,1,4,6,7,0,1.20663,0.0993479,0.982143,1.25,0.500009,0,0.500009,0.500009,0,0,0,0,9,0,9,9,0.50072,0,0.50072,0.50072,12.8003,2.38026,8.90999,15.3386,
4.7,9,2,6,9,0,1.375,0.396895,1.01786,2.08929,0.500009,0,0.500009,0.500009,0,0,0,0,4,0,4,4,0.50072,0,0.50072,0.50072,219.511,16.328,195.356,244.606,
4.7,10,4,6,6,0,2.13095,0.396841,1.625,2.66071,0.500009,0,0.500009,0.500009,0,0,0,0,9,0,9,9,0.50072,0,0.50072,0.50072,19.4517,4.14976,12.7493,22.8743,
4.7,15,5,6,5,0,1.34286,0.275892,1.10714,1.82143,0.500009,0,0.500009,0.500009,8.01429,1.55144,5.69643,9.71429,9,0,9,9,0.50072,0,0.50072,0.50072,19.4421,16.4257,3.78498,46.16,
4.8,11,4,7,7,0,1.37343,0.0936031,1.1617,1.4117,6.5,0,6.5,6.5,0,0,0,0,9,0,9,9,6.50116,0,6.50116,6.50116,3.30653,1.40285,2.73,6.48,
4.8,17,6,7,6,0,1.05158,0.0633022,1.01884,1.17955,6.5,0,6.5,6.5,0,0,0,0,9,0,9,9,6.50116,0,6.50116,6.50116,3.35797,0.0633022,3.23,3.39071,
4.8,18,6,7,6,0,1.41467,0.0134423,1.39384,1.42955,6.5,0,6.5,6.5,0,0,0,0,9,0,9,9,6.50116,0,6.50116,6.50116,2.90559,0.0134423,2.89071,2.92643,
4.8,20,6,7,6,0,1.10813,0,1.10813,1.10813,6.5,0,6.5,6.5,0,0,0,0,9,0,9,9,6.50116,0,6.50116,6.50116,5.06631,0.678986,4.55143,6.42642,
4.8,7,3,8,6,6,1.49801,0.47908,1.09027,2.25098,6.5,0,6.5,6.5,0,0,0,0,2,0,2,2,6.50116,0,6.50116,6.50116,3.47404,0.61317,2.78357,4.24785,
4.8,4,2,9,6,0,1.26586,0.385221,0.929554,1.94741,11.5,0,11.5,11.5,0,0,0,0,4,0,4,4,11.5012,0,11.5012,11.5012,7.855,0.860781,7.17643,9.51571,
4.8,6,3,9,7,0,1.43466,0.488572,1.07241,2.46527,11.5,0,11.5,11.5,0,0,0,0,4,0,4,4,11.5012,0,11.5012,11.5012,5.45704,0.599542,4.67643,6.14071,
4.8,3,2,2,6,6,1.32738,0.216555,1.21429,1.76786,0,0,0,0,0,0,0,0,4,0,4,4,0,0,0,0,6.11012,0.45826,5.51786,6.71429,
4.8,8,4,2,6,6,1.30059,0.00729009,1.28571,1.30357,0.500009,0,0.500009,0.500009,0,0,0,0,4,0,4,4,0.50072,0,0.50072,0.50072,3.80284,0.87642,2.89213,4.92784,
4.8,13,2,3,1,0,3.53571,0,3.53571,3.53571,0.500009,0,0.500009,0.500009,0,0,0,0,7,0,7,7,0.50072,0,0.50072,0.50072,262.981,0,262.981,262.981,
4.8,14,5,3,6,6,1.41071,0.105342,1.35714,1.625,0.500009,0,0.500009,0.500009,0,0,0,0,7,0,7,7,0.50072,0,0.50072,0.50072,5.16296,0.374986,4.73141,5.71356,
4.8,16,5,3,7,7,1.19133,0.140499,1.01786,1.30357,0.500009,0,0.500009,0.500009,0,0,0,0,7,0,7,7,0.50072,0,0.50072,0.50072,6.20845,0.505677,5.51713,6.99927,
4.8,2,4,4,7,7,1.24745,0.00674931,1.23214,1.25,0,0,0,0,0,0,0,0,2,0,2,2,0,0,0,0,3.61225,1.70648,2.96429,7.48214,
4.8,5,3,5,6,6,1.08929,0,1.08929,1.08929,0.500009,0,0.500009,0.500009,0,0,0,0,4,0,4,4,0.50072,0,0.50072,0.50072,5.00522,1.04006,3.3207,6.51713,
4.8,19,6,5,6,6,1.08929,0,1.08929,1.08929,0.500009,0,0.500009,0.500009,0,0,0,0,4,0,4,4,0.50072,0,0.50072,0.50072,5.12725,0.610956,4.87427,6.37427,
4.8,1,4,6,6,6,1.10119,0.125085,0.964286,1.23214,0.500009,0,0.500009,0.500009,0,0,0,0,9,0,9,9,0.50072,0,0.50072,0.50072,5.41891,0.668988,4.42784,6.12427,
4.8,9,2,6,5,1,1.48571,0.319538,1.26786,2.01786,0.500009,0,0.500009,0.500009,0,0,0,0,9,0,9,9,0.50072,0,0.50072,0.50072,10.6171,6.01667,6.40999,21.1778,
4.8,10,4,6,7,6,1.65051,0.372563,1.01786,2.21429,0.500009,0,0.500009,0.500009,0,0,0,0,9,0,9,9,0.50072,0,0.50072,0.50072,6.63192,2.22279,4.40998,11.3921,
4.8,15,5,6,5,0,1.54286,0.406539,1.23214,2.23214,0.500009,0,0.500009,0.500009,13.0107,1.77652,11.4464,15.6964,9,0,9,9,0.50072,0,0.50072,0.50072,79.9493,20.0468,59.4636,113.446,
4.9,8,3,7,1,1,1.30357,0,1.30357,1.30357,0.500009,0,0.500009,0.500009,0,0,0,0,4,0,4,4,0.50072,0,0.50072,0.50072,2.89213,0,2.89213,2.89213,
4.9,13,5,7,19,0,3.97186,5.67543,1.01786,20.0357,0.815799,1.37649,0.500009,6.5,0.750939,2.20299,0,6.99999,7.10526,0.458831,7,9,0.816533,1.3766,0.50072,6.50116,158.661,75.9428,4.40857,267.446,
4.9,15,2,7,14,0,1.33418,0.196545,0.982143,1.73214,0.500009,0,0.500009,0.500009,22.6212,4.23935,15.6964,29.6964,9,0,9,9,0.50072,0,0.50072,0.50072,87.6995,22.5617,52.6957,119.749,
4.9,18,6,7,7,0,1.34027,0.0676055,1.2867,1.42955,6.5,0,6.5,6.5,0,0,0,0,9,0,9,9,6.50116,0,6.50116,6.50116,4.05143,0.50749,2.90857,4.28357,
4.9,9,4,9,1,0,1.30357,0,1.30357,1.30357,0.500009,0,0.500009,0.500009,0,0,0,0,9,0,9,9,0.50072,0,0.50072,0.50072,19.4814,0,19.4814,19.4814,
4.9,16,5,9,5,1,1.1865,0.133175,1.00098,1.30357,9.3,4.91935,0.500009,11.5,0,0,0,0,4.6,1.34164,4,7,9.30107,4.91955,0.50072,11.5012,3.94457,1.38773,2.74785,5.89213,
4.9,1,3,2,1,1,1.23214,0,1.23214,1.23214,0.500009,0,0.500009,0.500009,0,0,0,0,9,0,9,9,0.50072,0,0.50072,0.50072,4.89213,0,4.89213,4.89213,
4.9,7,3,2,5,1,1.36448,0.199748,1.125,1.66071,1.70001,2.68328,0.500009,6.5,0,0,0,0,6,2.23607,2,7,1.70081,2.68348,0.50072,6.50116,22.1347,10.0071,4.24785,26.9636,
4.9,20,2,2,6,5,1.67576,0.281138,1.10813,1.83929,1.08333,2.65361,0,6.5,0,0,0,0,7.33333,0.816497,7,9,1.08353,2.65409,0,6.50116,5.00559,2.71031,2.75,9.605,
4.9,10,3,3,1,1,1.5,0,1.5,1.5,0.500009,0,0.500009,0.500009,0,0,0,0,9,0,9,9,0.50072,0,0.50072,0.50072,5.14213,0,5.14213,5.14213,
4.9,14,5,3,7,7,1.3648,0.125364,1.23214,1.60714,0.500009,0,0.500009,0.500009,0,0,0,0,4.42857,1.13389,4,7,0.50072,0,0.50072,0.50072,4.37172,0.709765,2.87427,5.01713,
4.9,11,4,4,5,5,1.25357,0.242029,1.01786,1.64286,0,0,0,0,0,0,0,0,2,0,2,2,0,0,0,0,4.81429,1.8118,2.85714,6.64286,
4.9,3,2,5,6,6,1.21429,0.0837568,1.08929,1.26786,0.416674,0.204128,0,0.500009,0,0,0,0,8.16667,2.04124,4,9,0.417267,0.204418,0,0.50072,4.24939,1.54677,2.73141,5.67784,
4.9,4,2,5,5,4,1.33234,0.0759534,1.19741,1.375,2.70001,4.91935,0.500009,11.5,0,0,0,0,8,2.23607,4,9,2.70081,4.91955,0.50072,11.5012,4.69542,2.62728,2.73141,9.14071,
4.9,6,3,5,4,0,1.83482,0.306316,1.41071,2.14286,0.500009,0,0.500009,0.500009,0,0,0,0,9,0,9,9,0.50072,0,0.50072,0.50072,16.8475,1.67455,14.66,18.4278,
4.9,19,6,5,6,6,1.08929,0,1.08929,1.08929,0.500009,0,0.500009,0.500009,0,0,0,0,8.16667,2.04124,4,9,0.50072,0,0.50072,0.50072,4.01713,1.37228,2.90998,6.55284,
4.9,2,4,6,5,5,1.38571,0.303467,1.19643,1.89286,0.500009,0,0.500009,0.500009,0,0,0,0,7,0,7,7,0.50072,0,0.50072,0.50072,4.59213,1.18884,2.73141,5.80284,
4.9,5,3,6,4,0,1.625,0.599568,1.17857,2.44643,0.500009,0,0.500009,0.500009,0,0,0,0,7,0,7,7,0.50072,0,0.50072,0.50072,16.0886,0.337243,15.7136,16.4993,
4.9,17,6,6,7,6,1.13535,0.0740237,1.0367,1.28571,0.928571,2.45677,0,6.5,0,0,0,0,7.28571,0.755929,7,9,0.928737,2.45721,0,6.50116,4.42826,0.467718,3.37285,4.625,
