Time,ueId,assoCell,compCell,taskCount, upWlMea,upWlStd,upWlMin,upWlMax,upWdMea,upWdStd,upWdMin,upWdMax,queMea,queStd,queMin,queMax,compMea, compStd, compMin, compMax,dnWdMea, dnWdStd, dnWdMin, dnWdMax,dnWlMea,dnWlStd, dnWlMin, dnWlMax
1,8,3,2,5,1.21429,0.0798589,1.07143,1.25,0.500009,0,0.500009,0.500009,0,0,0,0,7,0,7,7,0.50072,0,0.50072,0.50072,2.76713,0.0798589,2.73141,2.90998,
1,15,5,2,5,1.07143,0,1.07143,1.07143,0.500009,0,0.500009,0.500009,0,0,0,0,7,0,7,7,0.50072,0,0.50072,0.50072,3.20998,0.67082,2.90998,4.40998,
1,19,6,3,5,1.07143,0,1.07143,1.07143,0.500009,0,0.500009,0.500009,0,0,0,0,2,0,2,2,0.50072,0,0.50072,0.50072,2.90998,0,2.90998,2.90998,
1,3,2,6,6,1.07143,0,1.07143,1.07143,0.500009,0,0.500009,0.500009,0,0,0,0,2,0,2,2,0.50072,0,0.50072,0.50072,2.90998,0,2.90998,2.90998,
1.1,7,3,2,6,1.07143,0,1.07143,1.07143,0.500009,0,0.500009,0.500009,0,0,0,0,7,0,7,7,0.50072,0,0.50072,0.50072,2.87427,0,2.87427,2.87427,
1.1,8,3,2,7,1.25,0,1.25,1.25,0.500009,0,0.500009,0.500009,0,0,0,0,7,0,7,7,0.50072,0,0.50072,0.50072,2.73141,0,2.73141,2.73141,
1.1,15,5,2,6,1.07143,0,1.07143,1.07143,0.500009,0,0.500009,0.500009,0,0,0,0,7,0,7,7,0.50072,0,0.50072,0.50072,3.11832,0.51031,2.90998,4.15998,
1.1,19,6,3,6,1.07143,0,1.07143,1.07143,0.500009,0,0.500009,0.500009,0,0,0,0,2,0,2,2,0.50072,0,0.50072,0.50072,2.90998,0,2.90998,2.90998,
1.1,3,2,6,6,1.07143,0,1.07143,1.07143,0.500009,0,0.500009,0.500009,0,0,0,0,2,0,2,2,0.50072,0,0.50072,0.50072,2.90998,0,2.90998,2.90998,
1.2,7,3,2,6,1.07143,0,1.07143,1.07143,0.500009,0,0.500009,0.500009,0,0,0,0,7,0,7,7,0.50072,0,0.50072,0.50072,2.87427,0,2.87427,2.87427,
1.2,8,3,2,6,1.25,0,1.25,1.25,0.500009,0,0.500009,0.500009,0,0,0,0,7,0,7,7,0.50072,0,0.50072,0.50072,2.73141,0,2.73141,2.73141,
1.2,15,5,2,7,1.07143,0,1.07143,1.07143,0.500009,0,0.500009,0.500009,0,0,0,0,7,0,7,7,0.50072,0,0.50072,0.50072,2.90998,0,2.90998,2.90998,
1.2,3,2,6,6,1.07143,0,1.07143,1.07143,0.500009,0,0.500009,0.500009,0,0,0,0,2,0,2,2,0.50072,0,0.50072,0.50072,2.90998,0,2.90998,2.90998,
1.3,3,2,7,6,1.14665,0.080374,1.01884,1.19741,5.5,2.44949,0.500009,6.5,0,0,0,0,2,0,2,2,5.50109,2.44967,0.50072,6.50116,4.74809,1.74493,2.96214,6.71214,
1.3,15,2,9,1,1.0367,0,1.0367,1.0367,11.5,0,11.5,11.5,0,0,0,0,2,0,2,2,11.5012,0,11.5012,11.5012,38.3014,0,38.3014,38.3014,
1.3,2,2,2,5,1.07143,0,1.07143,1.07143,0,0,0,0,0,0,0,0,4,0,4,4,0,0,0,0,5.98928,2.86106,2.91071,8.85714,
1.3,7,3,2,7,1.07143,0,1.07143,1.07143,0.500009,0,0.500009,0.500009,0,0,0,0,4.42857,1.13389,4,7,0.50072,0,0.50072,0.50072,4.75947,1.30226,2.87427,5.90998,
1.3,12,4,3,3,1.34524,0.412393,1.10714,1.82143,0.500009,0,0.500009,0.500009,0,0,0,0,2,0,2,2,0.50072,0,0.50072,0.50072,18.7671,9.8372,8.62427,28.2671,
1.3,8,3,5,5,1.10714,0,1.10714,1.10714,0.500009,0,0.500009,0.500009,0,0,0,0,2,0,2,2,0.50072,0,0.50072,0.50072,5.90641,0.479723,5.39213,6.40998,
1.3,5,3,6,5,1.22143,0.00978068,1.21429,1.23214,0.500009,0,0.500009,0.500009,0,0,0,0,7,0,7,7,0.50072,0,0.50072,0.50072,4.7207,0.390128,4.30284,5.17784,
1.3,11,4,6,4,1.67857,0.285715,1.25,1.82143,0.500009,0,0.500009,0.500009,0,0,0,0,7,0,7,7,0.50072,0,0.50072,0.50072,5.65106,1.00905,4.67784,6.64213,
1.3,17,6,6,5,1.07143,0,1.07143,1.07143,0,0,0,0,0,0,0,0,7,0,7,7,0,0,0,0,2.91071,0,2.91071,2.91071,
1.4,3,2,7,6,1.19741,0,1.19741,1.19741,6.5,0,6.5,6.5,0,0,0,0,2,0,2,2,6.50116,0,6.50116,6.50116,4.39964,1.18906,2.99785,5.73,
1.4,15,2,9,8,2.58134,3.39076,1.0367,10.9474,11.5,0,11.5,11.5,0,0,0,0,2,0,2,2,11.5012,0,11.5012,11.5012,24.6072,13.9323,4.23,47.7479,
1.4,2,2,2,6,1.13095,0.0922132,1.07143,1.25,0,0,0,0,0,0,0,0,4,0,4,4,0,0,0,0,5.06548,1.83849,2.73214,7.33929,
1.4,7,3,2,6,1.07143,0,1.07143,1.07143,0.500009,0,0.500009,0.500009,0,0,0,0,4,0,4,4,0.50072,0,0.50072,0.50072,5.17784,0,5.17784,5.17784,
1.4,12,4,3,7,4.18112,6.88474,1.10714,19.75,0.500009,0,0.500009,0.500009,0,0,0,0,2,0,2,2,0.50072,0,0.50072,0.50072,27.9687,11.1238,9.49927,46.6243,
1.4,8,3,5,6,1.10714,0,1.10714,1.10714,0.500009,0,0.500009,0.500009,0,0,0,0,2,0,2,2,0.50072,0,0.50072,0.50072,5.39213,0,5.39213,5.39213,
1.4,5,3,6,6,1.23512,0.00729009,1.23214,1.25,0.500009,0,0.500009,0.500009,0,0,0,0,7,0,7,7,0.50072,0,0.50072,0.50072,4.29987,0.00729009,4.28498,4.30284,
1.4,11,4,6,7,1.41327,0.388836,1,1.82143,0.500009,0,0.500009,0.500009,0,0,0,0,7,0,7,7,0.50072,0,0.50072,0.50072,5.37172,1.1181,2.90998,6.23141,
1.4,17,6,6,6,1.07143,0,1.07143,1.07143,0,0,0,0,0,0,0,0,7,0,7,7,0,0,0,0,2.91071,0,2.91071,2.91071,
1.5,3,2,7,6,1.2867,0.236362,1.01884,1.67955,6.5,0,6.5,6.5,0,0,0,0,2,0,2,2,6.50116,0,6.50116,6.50116,3.56928,0.796437,2.98,4.99785,
1.5,15,2,9,7,1.1719,0.0674931,1.01884,1.19741,11.5,0,11.5,11.5,0,0,0,0,2,0,2,2,11.5012,0,11.5012,11.5012,4.95194,2.57151,3.98,10.7836,
1.5,2,2,2,6,1.07143,0,1.07143,1.07143,0,0,0,0,0,0,0,0,4,0,4,4,0,0,0,0,4.3125,1.20181,3.39286,6.42857,
1.5,7,3,2,6,1.19643,0.306186,1.07143,1.82143,0.500009,0,0.500009,0.500009,0,0,0,0,4,0,4,4,0.50072,0,0.50072,0.50072,3.79986,0.741656,2.90998,5.17784,
1.5,12,4,3,7,5.38265,7.86771,1.10714,22.5,0.50001,3.40168e-06,0.500009,0.500018,0.499999,0.866023,0,1.99999,2,0,2,2,0.50072,0,0.50072,0.50072,8.25182,2.5609,4.48141,11.4993,
1.5,8,3,5,6,1.1131,0.0145802,1.10714,1.14286,0.500009,0,0.500009,0.500009,0,0,0,0,2,0,2,2,0.50072,0,0.50072,0.50072,3.59153,0.900001,2.87427,5.39213,
1.5,11,4,6,6,1.08631,0.0769446,1,1.23214,0.500009,0,0.500009,0.500009,0,0,0,0,4.5,1.22474,4,7,0.50072,0,0.50072,0.50072,5.10046,1.75585,2.73141,6.76713,
1.5,17,6,6,6,1.07143,0,1.07143,1.07143,0,0,0,0,0,0,0,0,4.5,1.22474,4,7,0,0,0,0,2.91071,0,2.91071,2.91071,
1.6,2,4,7,5,1.12222,0.109027,1.0367,1.2867,5.2,2.90689,0,6.5,0,0,0,0,10.4,3.57771,4,12,5.20093,2.90741,0,6.50116,2.959,0.240639,2.74785,3.375,
1.6,3,2,7,6,1.07836,0.0922132,1.01884,1.19741,6.5,0,6.5,6.5,0,0,0,0,10.3333,4.08248,2,12,6.50116,0,6.50116,6.50116,2.89369,0.0877848,2.73,2.99785,
1.6,7,3,7,4,1.21949,0.0987055,1.07143,1.26884,5,3,0.500009,6.5,0,0,0,0,10,4,4,12,5.00105,3.00022,0.50072,6.50116,3.1366,0.360925,2.94428,3.67784,
1.6,17,6,7,4,1.12127,0.0904998,1.01884,1.19741,4.875,3.25,0,6.5,0,0,0,0,10,4,4,12,4.87587,3.25058,0,6.50116,2.81982,0.103721,2.73,2.91071,
1.6,19,6,7,4,1.31348,0.0791906,1.25098,1.42955,6.5,0,6.5,6.5,0,0,0,0,12,0,12,12,6.50116,0,6.50116,6.50116,3.08714,0.102061,2.94428,3.17642,
1.6,11,4,9,3,1.20304,0.113975,1.07143,1.26884,7.83334,6.35085,0.500009,11.5,0,0,0,0,6,1.73205,4,7,7.83435,6.35111,0.50072,11.5012,5.09356,0.370933,4.67784,5.39071,
1.6,12,3,9,3,1.45304,0.319037,1.26884,1.82143,7.83334,6.35085,0.500009,11.5,0,0,0,0,5.33333,2.88675,2,7,7.83435,6.35111,0.50072,11.5012,10.5936,9.16625,5.30143,21.1778,
1.6,20,6,9,3,1.07836,0.103097,1.01884,1.19741,11.5,0,11.5,11.5,0,0,0,0,7,0,7,7,11.5012,0,11.5012,11.5012,3.09904,0.103097,2.98,3.15857,
1.6,6,3,2,4,1.08036,0.0103097,1.07143,1.08929,0.500009,0,0.500009,0.500009,0,0,0,0,4,0,4,4,0.50072,0,0.50072,0.50072,15.0618,8.54976,7.40998,24.1778,
1.6,14,5,2,6,1.22024,0.0729009,1.07143,1.25,0.500009,0,0.500009,0.500009,0,0,0,0,4,0,4,4,0.50072,0,0.50072,0.50072,3.13618,0.567696,2.73141,3.98141,
1.6,9,4,3,5,1.25714,0.0159718,1.25,1.28571,0.500009,0,0.500009,0.500009,0,0,0,0,2,0,2,2,0.50072,0,0.50072,0.50072,5.95641,1.71385,4.15998,7.89213,
1.6,8,3,4,6,1.12202,0.0877842,1.01786,1.19643,0.500009,0,0.500009,0.500009,0,0,0,0,2,0,2,2,0.50072,0,0.50072,0.50072,2.85939,0.242335,2.6957,3.3207,
1.6,15,5,6,5,1.07143,0,1.07143,1.07143,0.500009,0,0.500009,0.500009,0,0,0,0,2,0,2,2,0.50072,0,0.50072,0.50072,3.17427,0.00798589,3.15998,3.17784,
1.7,2,4,7,6,1.12598,0.0837568,1.01884,1.19741,6.5,0,6.5,6.5,0,0,0,0,12,0,12,12,6.50116,0,6.50116,6.50116,4.91154,1.71575,2.73,6.40857,
1.7,3,2,7,6,1.01884,0,1.01884,1.01884,6.5,0,6.5,6.5,0,0,0,0,12,0,12,12,6.50116,0,6.50116,6.50116,2.90857,0,2.90857,2.90857,
1.7,7,3,7,7,1.26884,0,1.26884,1.26884,6.5,0,6.5,6.5,0,0,0,0,12,0,12,12,6.50116,0,6.50116,6.50116,2.94428,0,2.94428,2.94428,
1.7,17,6,7,7,1.19741,0,1.19741,1.19741,6.5,0,6.5,6.5,0,0,0,0,12,0,12,12,6.50116,0,6.50116,6.50116,2.73,0,2.73,2.73,
1.7,19,6,7,6,1.42955,0,1.42955,1.42955,6.5,0,6.5,6.5,0,0,0,0,12,0,12,12,6.50116,0,6.50116,6.50116,2.94428,0,2.94428,2.94428,
1.7,11,4,9,7,1.25864,0.00954497,1.25098,1.26884,11.5,0,11.5,11.5,0,0,0,0,7,0,7,7,11.5012,0,11.5012,11.5012,4.98255,1.55119,2.76571,6.15857,
1.7,12,3,9,7,1.1617,0,1.1617,1.1617,11.5,0,11.5,11.5,0,0,0,0,7,0,7,7,11.5012,0,11.5012,11.5012,6.29887,5.63098,3.49785,19.0157,
1.7,20,6,9,6,1.19741,0,1.19741,1.19741,11.5,0,11.5,11.5,0,0,0,0,7,0,7,7,11.5012,0,11.5012,11.5012,2.98,0,2.98,2.98,
1.7,6,3,2,7,1.08929,0,1.08929,1.08929,0.500009,0,0.500009,0.500009,0,0,0,0,4,0,4,4,0.50072,0,0.50072,0.50072,12.859,8.02602,5.64213,22.8743,
1.7,14,5,2,6,1.25,0,1.25,1.25,0.500009,0,0.500009,0.500009,0,0,0,0,4,0,4,4,0.50072,0,0.50072,0.50072,3.56475,0.942523,2.73141,4.74927,
1.7,9,4,3,2,1.25893,0.0126268,1.25,1.26786,0.500009,0,0.500009,0.500009,0,0,0,0,2,0,2,2,0.50072,0,0.50072,0.50072,29.7046,31.5294,7.40998,51.9993,
1.7,8,3,4,6,1.19643,0,1.19643,1.19643,0.500009,0,0.500009,0.500009,0,0,0,0,2,0,2,2,0.50072,0,0.50072,0.50072,2.6957,0,2.6957,2.6957,
1.7,15,5,6,6,1.07143,0,1.07143,1.07143,0.500009,0,0.500009,0.500009,0,0,0,0,2,0,2,2,0.50072,0,0.50072,0.50072,4.66891,0.283642,4.40998,4.92784,
1.8,2,4,7,6,1.08432,0.129099,0.929554,1.19741,6.5,0,6.5,6.5,0,0,0,0,12,0,12,12,6.50116,0,6.50116,6.50116,5.59012,2.48024,2.73,7.94428,
1.8,3,2,7,6,1.01884,0,1.01884,1.01884,6.5,0,6.5,6.5,0,0,0,0,12,0,12,12,6.50116,0,6.50116,6.50116,2.90857,0,2.90857,2.90857,
1.8,7,3,7,6,1.26884,0,1.26884,1.26884,6.5,0,6.5,6.5,0,0,0,0,12,0,12,12,6.50116,0,6.50116,6.50116,3.47107,0.991208,2.94428,5.46214,
1.8,17,6,7,6,1.19741,0,1.19741,1.19741,6.5,0,6.5,6.5,0,0,0,0,12,0,12,12,6.50116,0,6.50116,6.50116,3.02762,0.40211,2.73,3.73,
1.8,19,6,7,6,1.59622,0.258199,1.42955,1.92955,6.5,0,6.5,6.5,0,0,0,0,12,0,12,12,6.50116,0,6.50116,6.50116,2.94428,0,2.94428,2.94428,
1.8,11,4,9,6,1.67956,0.466205,1.25098,2.26884,11.5,0,11.5,11.5,0,0,0,0,7,0,7,7,11.5012,0,11.5012,11.5012,7.22405,2.36462,2.99785,9.21214,
1.8,12,3,9,6,10.8496,14.6352,1.1617,36.501,11.5,0,11.5,11.5,4.87158,5.8363,0,13.9982,7,0,7,7,11.5031,0.00467077,11.5012,11.5126,7.43345,6.4559,2.89713,20.4264,
1.8,20,6,9,6,1.43551,0.368856,1.19741,1.9117,11.5,0,11.5,11.5,0,0,0,0,7,0,7,7,11.5012,0,11.5012,11.5012,3.82524,0.693323,2.99785,4.73,
1.8,14,5,2,6,1.25,0,1.25,1.25,0.500009,0,0.500009,0.500009,0,0,0,0,2.33333,0.816497,2,4,0.50072,0,0.50072,0.50072,2.73141,0,2.73141,2.73141,
1.8,9,4,3,5,3.84643,5.36442,1.17857,13.4286,0.500009,0,0.500009,0.500009,0,0,0,0,2,0,2,2,0.50072,0,0.50072,0.50072,80.6993,10.4729,74.1421,98.8743,
1.8,8,3,4,7,1.19388,0.00674931,1.17857,1.19643,0.500009,0,0.500009,0.500009,0,0,0,0,2,0,2,2,0.50072,0,0.50072,0.50072,2.9508,0.569259,2.6957,4.23141,
1.8,15,5,6,7,1.07143,0,1.07143,1.07143,0.500009,0,0.500009,0.500009,0,0,0,0,2,0,2,2,0.50072,0,0.50072,0.50072,3.12427,0.566947,2.90998,4.40998,
1.9,4,3,7,0,0,0,0,0,0,0,0,0,0,0,0,0,0,0,0,0,0,0,0,0,0,0,0,0,
1.9,16,5,8,4,1.19741,0,1.19741,1.19741,6.5,0,6.5,6.5,0,0,0,0,2,0,2,2,6.50116,0,6.50116,6.50116,7.61839,1.04931,6.89071,9.17643,
1.9,3,2,9,4,1.10813,0.103097,1.01884,1.19741,9,2.88675,6.5,11.5,0,0,0,0,7,5.7735,2,12,9.00116,2.88675,6.50116,11.5012,4.24339,2.03014,2.73,7.12285,
1.9,2,4,2,6,1.2085,0.0857376,1.125,1.35714,1.50001,2.44949,0.500009,6.5,0,0,0,0,9.5,1.22474,9,12,1.50079,2.44967,0.50072,6.50116,10.5734,7.35227,3.64213,24.4814,
1.9,7,3,2,5,1.325,0.120055,1.16071,1.41071,0.500009,0,0.500009,0.500009,0,0,0,0,9,0,9,9,0.50072,0,0.50072,0.50072,4.08856,2.99489,2.73141,9.4457,
1.9,8,3,2,5,1.43571,0.339662,1.01786,1.76786,0.500009,0,0.500009,0.500009,0,0,0,0,9,0,9,9,0.50072,0,0.50072,0.50072,4.75641,3.51452,2.99927,11.035,
1.9,9,2,2,8,5.625,8.99371,0.839285,26.4286,0.375008,0.23146,0,0.500018,0.249999,0.707104,0,1.99999,3.75,3.24037,2,9,0.37554,0.231788,0,0.50072,63.9637,38.6762,6.21429,114.124,
1.9,10,4,4,5,1.38929,0.410792,1.08929,2.08928,0,0,0,0,0,0,0,0,9,0,9,9,0,0,0,0,21.6929,12.9762,7.14286,39.9643,
1.9,12,4,4,6,1.15195,0.0952367,1.03571,1.26884,1.91667,4.69486,0,11.5,0,0,0,0,8.66667,0.816497,7,9,1.91686,4.69533,0,11.5012,6.12464,1.64514,3.625,7.91071,
1.9,13,5,4,5,1.24286,0.126016,1.125,1.375,0.500009,0,0.500009,0.500009,0,0,0,0,9,0,9,9,0.50072,0,0.50072,0.50072,6.64927,1.37978,5.30284,8.58856,
1.9,20,2,4,4,1.49578,0.358526,1.19643,1.9117,3.25001,5.5,0.500009,11.5,0,0,0,0,8.5,1,7,9,3.25083,5.50022,0.50072,11.5012,26.0212,16.6996,3.23,39.3921,
1.9,15,5,5,4,1.48214,0.513011,1.17857,2.25,0,0,0,0,0,0,0,0,2,0,2,2,0,0,0,0,9.44643,1.00773,8.42857,10.3214,
1.9,1,2,6,4,1.16964,0.215522,0.892856,1.41071,0.500009,0,0.500009,0.500009,0,0,0,0,12,0,12,12,0.50072,0,0.50072,0.50072,4.20463,2.47807,2.64213,7.87427,
1.9,11,3,6,6,1.27992,0.3996,0.92857,2.00098,2.33334,4.49073,0.500009,11.5,0,0,0,0,11.1667,2.04124,7,12,2.33413,4.49091,0.50072,11.5012,5.24606,2.91906,2.96356,9.17784,
1.9,14,5,6,4,1.20536,0.222797,1,1.5,0.500009,0,0.500009,0.500009,0,0,0,0,9.5,5,2,12,0.50072,0,0.50072,0.50072,12.3921,12.3286,3.98141,30.6957,
1.9,17,6,6,5,1.15357,0.0348097,1.10714,1.17857,0,0,0,0,0,0,0,0,12,0,12,12,0,0,0,0,3.67857,0.429872,2.91071,3.91071,
1.9,19,6,6,5,1.36805,0.32151,1.10714,1.92955,1.3,2.90689,0,6.5,0,0,0,0,12,0,12,12,1.30023,2.90741,0,6.50116,3.40671,0.26771,2.94428,3.64286,
2,4,3,7,2,1.34027,0.126268,1.25098,1.42955,6.5,0,6.5,6.5,0,0,0,0,2,0,2,2,6.50116,0,6.50116,6.50116,77.9979,4.57094,74.7657,81.23,
2,16,5,8,6,1.19741,0,1.19741,1.19741,6.5,0,6.5,6.5,0,0,0,0,2,0,2,2,6.50116,0,6.50116,6.50116,7.51274,0.595521,6.94428,8.44428,
2,3,2,9,7,1.16425,0.140391,1.0367,1.42955,11.5,0,11.5,11.5,0,0,0,0,2,0,2,2,11.5012,0,11.5012,11.5012,4.78867,1.59515,3.105,7.605,
2,2,4,2,7,1.25765,0.0804273,1.19643,1.375,0.500009,0,0.500009,0.500009,0,0,0,0,9,0,9,9,0.50072,0,0.50072,0.50072,3.15488,0.760675,2.73141,4.87427,
2,7,3,2,6,1.22917,0.141248,1.125,1.41071,0.500009,0,0.500009,0.500009,0,0,0,0,9,0,9,9,0.50072,0,0.50072,0.50072,6.45165,2.17795,2.62427,8.65999,
2,8,3,2,6,1.15476,0.18023,0.910713,1.44643,0.500009,0,0.500009,0.500009,0,0,0,0,9,0,9,9,0.50072,0,0.50072,0.50072,7.95165,2.44093,3.15998,9.6957,
2,9,2,2,6,1.32143,0.484057,1.07143,2.28571,0,0,0,0,0,0,0,0,9,0,9,9,0,0,0,0,6.09821,1.61588,3,7.23214,
2,10,4,4,7,1.375,0.0944911,1.33929,1.58929,0,0,0,0,0,0,0,0,9,0,9,9,0,0,0,0,2.91071,0.472456,2.73214,3.98214,
2,12,4,4,6,1.13095,0.0583207,1.10714,1.25,0,0,0,0,0,0,0,0,9,0,9,9,0,0,0,0,3.52083,0.613665,3.17857,4.75,
2,13,5,4,5,1.4,0.424384,1.125,2.08928,0.500009,0,0.500009,0.500009,0,0,0,0,9,0,9,9,0.50072,0,0.50072,0.50072,6.81356,0.626605,6.17784,7.48141,
2,20,2,4,7,4.43877,6.46159,1.19643,19.0179,0.50001,3.40168e-06,0.500009,0.500018,1.28571,3.40168,0,8.99999,9,0,9,9,0.50072,0,0.50072,0.50072,19.1804,11.6896,8.48141,37.2493,
2,15,5,5,7,1.40306,0.339419,1.25,2.16071,0,0,0,0,0,0,0,0,2,0,2,2,0,0,0,0,9.05612,2.10768,7.19643,13.4821,
2,1,2,6,6,1.08929,0.220737,0.892856,1.375,0.500009,0,0.500009,0.500009,0,0,0,0,12,0,12,12,0.50072,0,0.50072,0.50072,3.79391,1.67571,2.64213,6.40998,
2,11,3,6,5,1.225,0.110512,1.125,1.41071,0.500009,0,0.500009,0.500009,0,0,0,0,12,0,12,12,0.50072,0,0.50072,0.50072,17.5707,6.46183,10.2136,23.4636,
2,14,5,6,8,1.09152,0.183959,1,1.5,0.500009,0,0.500009,0.500009,0,0,0,0,12,0,12,12,0.50072,0,0.50072,0.50072,6.56847,6.83635,2.99927,22.91,
2,17,6,6,7,1.19643,0.116186,1.03571,1.28571,0,0,0,0,0,0,0,0,12,0,12,12,0,0,0,0,4.43622,0.732133,3.5,5.39286,
2,19,6,6,7,1.33163,0.283259,1,1.76786,0,0,0,0,0,0,0,0,12,0,12,12,0,0,0,0,4.2602,0.878023,3.16072,5.64286,
2.1,4,3,7,2,2.20634,0.0631354,2.1617,2.25098,6.5,0,6.5,6.5,0,0,0,0,2,0,2,2,6.50116,0,6.50116,6.50116,116.007,14.1548,105.998,126.016,
2.1,16,5,8,6,1.19443,0.00729009,1.17955,1.19741,6.5,0,6.5,6.5,0,0,0,0,2,0,2,2,6.50116,0,6.50116,6.50116,6.75678,1.50356,5.46214,9.49785,
2.1,3,2,9,6,1.20336,0.127108,1.0367,1.42955,11.5,0,11.5,11.5,0,0,0,0,2,0,2,2,11.5012,0,11.5012,11.5012,3.35202,0.878268,2.94428,5.14071,
2.1,2,4,2,6,1.20536,0.0915777,1.125,1.375,0.500009,0,0.500009,0.500009,0,0,0,0,9,0,9,9,0.50072,0,0.50072,0.50072,4.70463,1.21894,2.90998,5.92784,
2.1,7,3,2,6,1.35714,0.105342,1.14286,1.41071,0.500009,0,0.500009,0.500009,0,0,0,0,9,0,9,9,0.50072,0,0.50072,0.50072,5.73141,2.4491,2.62427,8.1957,
2.1,8,3,2,6,1.35417,0.308968,1.16071,1.94643,0.500009,0,0.500009,0.500009,0,0,0,0,9,0,9,9,0.50072,0,0.50072,0.50072,6.87427,3.1416,2.62427,9.24927,
2.1,9,2,2,6,1.33631,0.00729009,1.32143,1.33929,0,0,0,0,0,0,0,0,9,0,9,9,0,0,0,0,3.52083,1.92315,2.73214,7.44643,
2.1,10,4,4,6,1.34821,0.209393,1.08929,1.58929,0,0,0,0,0,0,0,0,7.33333,0.816497,7,9,0,0,0,0,5.05655,1.88033,2.73214,6.75,
2.1,12,4,4,2,1.10714,0,1.10714,1.10714,0,0,0,0,0,0,0,0,8,1.41421,7,9,0,0,0,0,8.42857,7.42462,3.17857,13.6786,
2.1,13,5,4,8,1.30803,0.113241,1.125,1.375,0.500009,0,0.500009,0.500009,0,0,0,0,7.5,0.92582,7,9,0.50072,0,0.50072,0.50072,7.8765,7.38837,2.74927,24.5707,
2.1,15,5,5,6,1.375,0.332354,0.910713,1.91071,0,0,0,0,0,0,0,0,2,0,2,2,0,0,0,0,24.8304,11.0136,9.66071,36.8214,
2.1,1,2,6,7,1.22959,0.169542,0.892856,1.39286,0.500009,0,0.500009,0.500009,0,0,0,0,12,0,12,12,0.50072,0,0.50072,0.50072,3.48141,1.70109,2.64213,7.28498,
2.1,11,3,6,6,1.33036,0.304044,0.910713,1.66071,0.500009,0,0.500009,0.500009,0,0,0,0,12,0,12,12,0.50072,0,0.50072,0.50072,10.2463,5.32852,4.48141,19.8921,
2.1,14,5,6,5,1.6,0.285044,1.25,2,0.500009,0,0.500009,0.500009,0,0,0,0,12,0,12,12,0.50072,0,0.50072,0.50072,6.20641,2.0011,3.46356,7.98141,
2.1,17,6,6,6,1.16667,0.0291604,1.10714,1.17857,0,0,0,0,0,0,0,0,12,0,12,12,0,0,0,0,3.86905,0.0291604,3.85714,3.92857,
2.1,19,6,6,6,1.26786,0,1.26786,1.26786,0,0,0,0,0,0,0,0,12,0,12,12,0,0,0,0,3.47917,0.00729009,3.46429,3.48214,
2.2,12,2,7,8,3.02257,5.24501,1.09027,16.001,1.625,3.00892,0,6.5,0.113839,0.321986,0,0.910713,5.75,2.31455,2,7,1.62529,3.00945,0,6.50116,48.8812,32.2083,2.71214,87.8036,
2.2,10,4,9,4,1.26859,0.234223,1.00098,1.57143,8.625,5.75,0,11.5,0,0,0,0,3.25,2.5,2,7,8.62587,5.75058,0,11.5012,8.88678,4.13369,2.75,11.6764,
2.2,4,2,2,11,1.3823,0.322944,1.12598,2.1617,5.31818,2.62938,0,6.5,0,0,0,0,3.27273,2.83164,2,9,5.31913,2.62985,0,6.50116,78.6395,50.0076,4.32143,173.659,
2.2,8,3,2,5,3.74643,5.59298,1.17857,13.75,0.500009,0,0.500009,0.500009,1.11071,2.48363,0,5.55357,9,0,9,9,0.50072,0,0.50072,0.50072,19.1207,16.9585,2.9457,42.8743,
2.2,13,5,2,5,1.15357,0.0958316,0.982143,1.19643,0.500009,0,0.500009,0.500009,0,0,0,0,9,0,9,9,0.50072,0,0.50072,0.50072,3.95998,0.408261,3.65998,4.65998,
2.2,17,6,2,5,1.19286,0.00798589,1.17857,1.19643,0.500009,0,0.500009,0.500009,0,0,0,0,9,0,9,9,0.50072,0,0.50072,0.50072,2.73499,0.00798589,2.73141,2.74927,
2.2,1,4,3,0,0,0,0,0,0,0,0,0,0,0,0,0,0,0,0,0,0,0,0,0,0,0,0,0,
2.2,9,4,3,1,1.33929,0,1.33929,1.33929,0,0,0,0,0,0,0,0,9,0,9,9,0,0,0,0,2.73214,0,2.73214,2.73214,
2.2,14,5,3,7,1.09439,0.0914697,1,1.25,0.500009,0,0.500009,0.500009,0,0,0,0,8.42857,2.43975,7,12,0.50072,0,0.50072,0.50072,5.42784,6.08899,3.03498,19.2314,
2.2,3,2,4,6,1.0954,0.114051,0.946427,1.19741,2.33334,4.49073,0.500009,11.5,0,0,0,0,6.16667,2.04124,2,7,2.33413,4.49091,0.50072,11.5012,4.91868,1.7676,2.73141,6.64213,
2.2,7,3,4,6,1.29464,0.132552,1.125,1.41071,0.500009,0,0.500009,0.500009,0,0,0,0,7.33333,0.816497,7,9,0.50072,0,0.50072,0.50072,5.28499,1.71566,2.98141,7.39213,
2.2,18,6,4,6,1.52083,0.663403,1.25,2.875,0.500009,0,0.500009,0.500009,0,0,0,0,7,0,7,7,0.50072,0,0.50072,0.50072,2.88915,0.0510306,2.78498,2.90998,
2.2,15,2,5,1,1.25,0,1.25,1.25,0,0,0,0,0,0,0,0,2,0,2,2,0,0,0,0,7.10714,0,7.10714,7.10714,
2.2,2,4,6,3,1.26786,0.154647,1.17857,1.44643,0.500009,0,0.500009,0.500009,0,0,0,0,14,0,14,14,0.50072,0,0.50072,0.50072,40.2552,2.1878,38.0886,42.4636,
2.2,5,3,6,4,1.33928,0.413422,1.01786,1.94643,0.500009,0,0.500009,0.500009,0,0,0,0,14,0,14,14,0.50072,0,0.50072,0.50072,4.58856,2.36376,2.9457,7.98141,
2.2,6,3,6,4,1.35714,0,1.35714,1.35714,0.500009,0,0.500009,0.500009,0,0,0,0,14,0,14,14,0.50072,0,0.50072,0.50072,3.06177,0.293604,2.74927,3.39213,
2.2,11,3,6,6,4.03274,6.42695,1.14286,17.1429,0.500011,3.67423e-06,0.500009,0.500018,4.29167,6.68658,0,14,13,1.09545,12,14,0.50072,0,0.50072,0.50072,10.2582,6.02989,4.76713,21.4636,
2.2,16,5,6,5,1.31805,0.102602,1.19741,1.39286,1.70001,2.68328,0.500009,6.5,0,0,0,0,11.6,5.36656,2,14,1.70081,2.68348,0.50072,6.50116,3.4097,1.37911,2.74927,5.87286,
2.2,19,6,6,6,1.30952,0.102062,1.26786,1.51786,0,0,0,0,0,0,0,0,13.6667,0.816497,12,14,0,0,0,0,3.30357,0.598787,2.96429,4.46429,
2.3,12,2,7,6,1.34325,0.329737,1.07241,2.00098,6.5,0,6.5,6.5,0,0,0,0,2,0,2,2,6.50116,0,6.50116,6.50116,7.61988,2.0523,5.05143,10.105,
2.3,10,4,9,6,1.25694,0.235732,0.983127,1.51884,11.5,0,11.5,11.5,0,0,0,0,2,0,2,2,11.5012,0,11.5012,11.5012,9.8669,0.79633,8.92643,10.9621,
2.3,4,2,2,6,1.25,0.115175,1.14286,1.39286,0,0,0,0,0,0,0,0,9,0,9,9,0,0,0,0,8.25595,1.18072,6.48214,10,
2.3,8,3,2,7,4.30612,6.48454,0.92857,18.9286,0.500009,0,0.500009,0.500009,1.69898,3.35826,0,8.875,9,0,9,9,0.50072,0,0.50072,0.50072,14.3156,3.17128,10.41,18.7671,
2.3,13,5,2,5,1.61786,0.435692,1.10714,2.07143,0.500009,0,0.500009,0.500009,0,0,0,0,9,0,9,9,0.50072,0,0.50072,0.50072,10.1743,6.66199,5.99927,21.9993,
2.3,17,6,2,7,1.19643,0,1.19643,1.19643,0.500009,0,0.500009,0.500009,0,0,0,0,9,0,9,9,0.50072,0,0.50072,0.50072,2.73141,0,2.73141,2.73141,
2.3,1,4,3,5,1.13571,0.127275,1,1.25,0.500009,0,0.500009,0.500009,0,0,0,0,7,0,7,7,0.50072,0,0.50072,0.50072,89.4671,12.5346,75.9993,103.731,
2.3,9,4,3,5,1.56429,0.205007,1.26786,1.76786,0.500009,0,0.500009,0.500009,0,0,0,0,7,0,7,7,0.50072,0,0.50072,0.50072,116.339,5.3306,107.392,121.428,
2.3,14,5,3,6,1.21131,0.127983,1.05357,1.44643,0.500009,0,0.500009,0.500009,0,0,0,0,7,0,7,7,0.50072,0,0.50072,0.50072,4.25225,1.03924,2.73141,5.39213,
2.3,3,2,4,6,1.08928,0.180348,0.75,1.19643,0.500009,0,0.500009,0.500009,0,0,0,0,7,0,7,7,0.50072,0,0.50072,0.50072,7.99927,1.17911,6.14213,9.65999,
2.3,7,3,4,6,1.37202,0.227681,1.10714,1.625,0.500009,0,0.500009,0.500009,0,0,0,0,7,0,7,7,0.50072,0,0.50072,0.50072,10.7255,0.545467,9.87427,11.4278,
2.3,18,6,4,6,1.25,0,1.25,1.25,0.500009,0,0.500009,0.500009,0,0,0,0,7,0,7,7,0.50072,0,0.50072,0.50072,2.90998,0,2.90998,2.90998,
2.3,15,2,5,0,0,0,0,0,0,0,0,0,0,0,0,0,0,0,0,0,0,0,0,0,0,0,0,0,
2.3,2,4,6,8,1.3125,0.1928,1.16071,1.69643,0.500009,0,0.500009,0.500009,0,0,0,0,14,0,14,14,0.50072,0,0.50072,0.50072,17.2403,14.4924,8.42784,47.4993,
2.3,5,3,6,6,1.22917,0.107391,1.16071,1.44643,0.500009,0,0.500009,0.500009,0,0,0,0,14,0,14,14,0.50072,0,0.50072,0.50072,9.26415,1.55324,6.98141,10.8743,
2.3,6,3,6,7,1.38775,0.0891155,1.33929,1.58929,0.500009,0,0.500009,0.500009,0,0,0,0,14,0,14,14,0.50072,0,0.50072,0.50072,9.24927,1.14953,7.48141,10.6957,
2.3,11,3,6,3,1.41071,0.017857,1.39286,1.42857,0.500009,0,0.500009,0.500009,7.73214,1.98214,5.75,9.71429,14,0,14,14,0.50072,0,0.50072,0.50072,43.8921,26.819,14.1064,66.1243,
2.3,16,5,6,7,1.39286,0,1.39286,1.39286,0.500009,0,0.500009,0.500009,0,0,0,0,14,0,14,14,0.50072,0,0.50072,0.50072,2.74927,0,2.74927,2.74927,
2.3,19,6,6,6,1.26786,0,1.26786,1.26786,0,0,0,0,0,0,0,0,14,0,14,14,0,0,0,0,2.98214,0,2.98214,2.98214,
2.4,12,2,7,6,1.34637,0.241116,1.07241,1.75187,6.5,0,6.5,6.5,0,0,0,0,2,0,2,2,6.50116,0,6.50116,6.50116,20.4858,8.88073,6.81839,33.8907,
2.4,10,4,9,7,1.552,0.440126,1.01884,2.01884,11.5,0,11.5,11.5,0,0,0,0,2,0,2,2,11.5012,0,11.5012,11.5012,6.82949,3.34448,2.99785,10.355,
2.4,4,2,2,6,1.18155,0.103766,1.125,1.39286,0,0,0,0,0,0,0,0,9,0,9,9,0,0,0,0,9.65179,0.967966,8,10.7321,
2.4,8,3,2,7,1.46428,0.575137,0.910713,2.64286,0.500009,0,0.500009,0.500009,0,0,0,0,9,0,9,9,0.50072,0,0.50072,0.50072,5.91254,3.36441,2.73141,11.3564,
2.4,13,5,2,6,1.61309,0.43134,1.125,2.33928,0.500009,0,0.500009,0.500009,0,0,0,0,9,0,9,9,0.50072,0,0.50072,0.50072,16.66,6.34331,7.1957,21.9814,
2.4,17,6,2,6,1.15476,0.0674481,1.01786,1.19643,0.500009,0,0.500009,0.500009,0,0,0,0,9,0,9,9,0.50072,0,0.50072,0.50072,2.93975,0.40211,2.73141,3.74927,
2.4,1,4,3,12,1.37649,0.387542,0.982143,2.23214,0.500009,0,0.500009,0.500009,0,0,0,0,7,0,7,7,0.50072,0,0.50072,0.50072,52.5439,37.8735,4.15998,99.0886,
2.4,9,4,3,13,1.28984,0.351378,0.964286,2.01786,0.500009,0,0.500009,0.500009,0,0,0,0,7,0,7,7,0.50072,0,0.50072,0.50072,41.5666,36.5155,2.78498,99.9636,
2.4,14,5,3,7,1.21684,0.10883,1.08929,1.44643,0.500009,0,0.500009,0.500009,0,0,0,0,7,0,7,7,0.50072,0,0.50072,0.50072,7.34876,5.69477,4.24927,20.16,
2.4,3,2,4,6,1.09226,0.196401,0.946427,1.44643,0.500009,0,0.500009,0.500009,0,0,0,0,7,0,7,7,0.50072,0,0.50072,0.50072,7.91296,0.835395,7.35642,9.51713,
2.4,7,3,4,7,1.20663,0.106075,1.08929,1.35714,0.500009,0,0.500009,0.500009,0,0,0,0,7,0,7,7,0.50072,0,0.50072,0.50072,6.38448,2.33976,3.76713,9.71356,
2.4,18,6,4,6,1.39881,0.0729009,1.25,1.42857,0.500009,0,0.500009,0.500009,0,0,0,0,7,0,7,7,0.50072,0,0.50072,0.50072,2.76118,0.0729009,2.73141,2.90998,
2.4,15,2,5,0,0,0,0,0,0,0,0,0,0,0,0,0,0,0,0,0,0,0,0,0,0,0,0,0,
2.4,5,3,6,7,1.43367,0.380307,1.17857,2.19643,0.500009,0,0.500009,0.500009,0,0,0,0,12.5714,0.9759,12,14,0.50072,0,0.50072,0.50072,5.30794,1.89133,2.99927,7.23141,
2.4,6,3,6,6,1.16071,0.251272,0.946429,1.57143,0.500009,0,0.500009,0.500009,0,0,0,0,12.3333,0.816497,12,14,0.50072,0,0.50072,0.50072,4.78498,2.1369,2.78498,7.24927,
2.4,11,3,6,11,1.36364,0.344071,0.92857,2.16071,0.500009,0,0.500009,0.500009,0.540584,1.28179,0,3.96429,13.0909,1.04447,12,14,0.50072,0,0.50072,0.50072,36.0334,31.7252,4.23141,82.785,
2.4,16,5,6,6,1.17262,0.185118,0.982143,1.39286,0.500009,0,0.500009,0.500009,0,0,0,0,12.3333,0.816497,12,14,0.50072,0,0.50072,0.50072,2.91594,0.295732,2.73141,3.49927,
2.4,19,6,6,7,1.26786,0.120232,1.08929,1.5,0,0,0,0,0,0,0,0,12.2857,0.755929,12,14,0,0,0,0,3.7398,0.497747,2.98214,4.625,
2.5,5,3,7,5,1.10436,0.114421,1.00098,1.25098,5.3,2.68328,0.500009,6.5,0.135714,0.127275,0,0.25,15.2,1.78885,12,16,5.30107,2.68348,0.50072,6.50116,3.63385,2.02108,2.73,7.24927,
2.5,6,3,7,4,1.6302,0.512697,0.946429,2.1617,5,3,0.500009,6.5,0.0848218,0.169644,0,0.339287,15,2,12,16,5.00105,3.00022,0.50072,6.50116,4.89999,1.75555,2.89213,6.78357,
2.5,10,4,7,4,1.27777,0.22088,1.09027,1.59027,7.75,2.5,6.5,11.5,0.232143,0.269637,0,0.5,12.5,7,2,16,7.75116,2.5,6.50116,11.5012,5.39964,1.64392,2.99785,6.64071,
2.5,12,4,7,2,1.50098,0,1.50098,1.50098,6.5,0,6.5,6.5,0,0,0,0,2,0,2,2,6.50116,0,6.50116,6.50116,23.2032,20.544,8.67643,37.73,
2.5,15,5,7,19,10.7688,14.1063,1.01786,50.1786,0.500012,7.47628e-06,0.500009,0.500036,0.933267,1.78543,0,5.99997,2,0,2,2,0.50072,0,0.50072,0.50072,195.034,76.7657,84.1243,322.821,
2.5,16,5,7,4,1.18824,0.137654,0.982143,1.26884,5,3,0.500009,6.5,0,0,0,0,15,2,12,16,5.00105,3.00022,0.50072,6.50116,5.34196,1.83934,2.89213,6.76571,
2.5,17,6,7,4,1.17038,0.103585,1.05455,1.30455,5,3,0.500009,6.5,0.0625,0.125,0,0.25,14.25,3.5,9,16,5.00105,3.00022,0.50072,6.50116,4.09196,1.17816,2.74927,5.62285,
2.5,13,2,8,3,1.48247,0.246868,1.19741,1.625,2.50001,3.4641,0.500009,6.5,0,0,0,0,6.66667,4.04145,2,9,2.50087,3.46436,0.50072,6.50116,38.85,29.9424,4.83714,61.2314,
2.5,3,2,2,6,1.25893,0.120453,1.16071,1.41071,0.0833348,0.204128,0,0.500009,0,0,0,0,8.66667,0.816497,7,9,0.0834533,0.204418,0,0.50072,4.57131,2.03551,2.73214,7.40999,
2.5,8,3,2,6,1.23214,0.105342,1.17857,1.44643,0.500009,0,0.500009,0.500009,0,0,0,0,9,0,9,9,0.50072,0,0.50072,0.50072,3.4963,0.960138,2.73141,5.15999,
2.5,14,5,2,5,1.2,0.111803,1,1.25,0.500009,0,0.500009,0.500009,0,0,0,0,9,0,9,9,0.50072,0,0.50072,0.50072,5.25999,0.710436,4.64213,6.14213,
2.5,20,2,2,5,1.31071,0.546557,1.01786,2.28571,0,0,0,0,0,0,0,0,9,0,9,9,0,0,0,0,4.53571,1.18283,3.16071,6.14286,
2.5,1,4,3,7,1.21174,0.148843,1.07143,1.5,0.500009,0,0.500009,0.500009,0,0,0,0,2.71429,1.88982,2,7,0.50072,0,0.50072,0.50072,6.26713,2.07822,2.85641,9.15999,
2.5,4,2,4,6,1.10417,0.0993707,0.946427,1.19643,0.416674,0.204128,0,0.500009,0,0,0,0,9,0,9,9,0.417267,0.204418,0,0.50072,5.10356,2.06236,2.71356,7.98214,
2.5,7,3,4,6,1.26786,0.108326,1.125,1.375,0.500009,0,0.500009,0.500009,0,0,0,0,8.66667,0.816497,7,9,0.50072,0,0.50072,0.50072,4.86832,1.36261,3.26713,6.87427,
2.5,9,4,4,5,1.30357,0.138896,1.14286,1.41071,0,0,0,0,0,0,0,0,9,0,9,9,0,0,0,0,9.48929,6.64026,3.85714,20.6071,
2.5,18,6,4,6,1.30655,0.0877843,1.25,1.42857,0.500009,0,0.500009,0.500009,0,0,0,0,8.66667,0.816497,7,9,0.50072,0,0.50072,0.50072,2.98141,0.3512,2.73141,3.67784,
2.5,11,3,5,4,1.23661,0.205357,0.92857,1.33929,0.500009,0,0.500009,0.500009,0,0,0,0,4.5,5,2,12,0.50072,0,0.50072,0.50072,13.9055,16.0044,4.99927,37.8921,
2.5,19,6,6,7,1.10204,0.0803333,1,1.26786,0,0,0,0,0,0,0,0,3.42857,3.77964,2,12,0,0,0,0,4.56122,1.38178,3,7.07143,
2.6,5,3,7,6,1.08432,0.204124,1.00098,1.50098,6.5,0,6.5,6.5,0.208333,0.102062,0,0.25,16,0,16,16,6.50116,0,6.50116,6.50116,2.96214,0.577424,2.71214,4.14071,
2.6,6,3,7,5,1.37598,0.399498,1.07241,1.82241,6.5,0,6.5,6.5,0.785716,0.399498,0.339287,1.08929,16,0,16,16,6.50116,0,6.50116,6.50116,11.6229,4.96571,7.03357,19.1586,
2.6,10,4,7,7,1.22547,0.192011,1.07241,1.57241,6.5,0,6.5,6.5,0.364796,0.192011,0.017857,0.517857,16,0,16,16,6.50116,0,6.50116,6.50116,7.98765,0.544751,6.96214,8.62285,
2.6,12,4,7,10,1.43313,0.337747,1.00098,2.00098,6.5,0,6.5,6.5,0.564286,0.344128,0,1,16,0,16,16,6.50116,0,6.50116,6.50116,26.2925,19.5874,8.73,61.5336,
2.6,15,5,7,5,1.11884,0.0391238,1.09027,1.1617,6.5,0,6.5,6.5,0.042858,0.0391238,0,0.07143,16,0,16,16,6.50116,0,6.50116,6.50116,4.305,0.757446,3.40857,5.14071,
2.6,16,5,7,6,1.20634,0.187543,1.00098,1.50098,6.5,0,6.5,6.5,0.139881,0.203106,0,0.5,16,0,16,16,6.50116,0,6.50116,6.50116,9.08119,5.22273,5.96214,19.4979,
2.6,17,6,7,7,1.05455,0,1.05455,1.05455,6.5,0,6.5,6.5,0.25,0,0.25,0.25,16,0,16,16,6.50116,0,6.50116,6.50116,4.59734,0.716875,3.99785,5.74785,
2.6,13,2,8,2,1.18848,0.0126268,1.17955,1.19741,6.5,0,6.5,6.5,0,0,0,0,2,0,2,2,6.50116,0,6.50116,6.50116,64.2479,19.6475,50.355,78.1407,
2.6,3,2,2,6,1.53869,0.510654,1.14286,2.41071,0,0,0,0,0,0,0,0,9,0,9,9,0,0,0,0,6.37202,2.91279,2.75,9.75,
2.6,8,3,2,7,1.3903,0.313464,1.14286,1.94643,0.500009,0,0.500009,0.500009,0,0,0,0,9,0,9,9,0.50072,0,0.50072,0.50072,3.63703,0.568698,3.12427,4.49927,
2.6,14,5,2,6,1.50595,0.631514,1,2.55357,0.500009,0,0.500009,0.500009,0,0,0,0,9,0,9,9,0.50072,0,0.50072,0.50072,6.28499,1.35977,4.39213,8.62427,
2.6,20,2,2,5,1.25714,0.0915775,1.10714,1.35714,0,0,0,0,0,0,0,0,9,0,9,9,0,0,0,0,19.5929,6.76766,10.7321,26.4286,
2.6,1,4,3,6,1.23512,0.0208756,1.19643,1.25,0.500009,0,0.500009,0.500009,0,0,0,0,2,0,2,2,0.50072,0,0.50072,0.50072,8.06475,0.62123,7.1957,8.85642,
2.6,4,2,4,6,1.22619,0.187174,0.946427,1.44643,0.500009,0,0.500009,0.500009,0,0,0,0,9,0,9,9,0.50072,0,0.50072,0.50072,5.88022,3.24066,2.6957,9.74927,
2.6,7,3,4,6,1.16071,0.105342,1.10714,1.375,0.500009,0,0.500009,0.500009,0,0,0,0,9,0,9,9,0.50072,0,0.50072,0.50072,7.23737,0.63994,6.73141,8.49927,
2.6,9,4,4,1,1.39286,0,1.39286,1.39286,0,0,0,0,0,0,0,0,9,0,9,9,0,0,0,0,63.4107,0,63.4107,63.4107,
2.6,18,6,4,6,1.25,0,1.25,1.25,0.500009,0,0.500009,0.500009,0,0,0,0,9,0,9,9,0.50072,0,0.50072,0.50072,2.90998,0,2.90998,2.90998,
2.6,11,3,5,6,1.34226,0.00729009,1.33929,1.35714,0.500009,0,0.500009,0.500009,0,0,0,0,2,0,2,2,0.50072,0,0.50072,0.50072,6.5082,0.717737,5.73141,7.48141,
2.6,19,6,6,6,1.08929,0,1.08929,1.08929,0,0,0,0,0,0,0,0,2,0,2,2,0,0,0,0,4.75893,0.934784,3.91071,6.07143,
2.7,5,3,7,6,1.26289,0.392478,0.983127,2.00098,6.5,0,6.5,6.5,0.571428,0.340505,0,1.01786,16,0,16,16,6.50116,0,6.50116,6.50116,4.35797,1.68772,2.71214,7.105,
2.7,6,3,7,8,1.20411,0.198376,1.0367,1.59027,6.5,0,6.5,6.5,0.957591,0.198376,0.57143,1.125,16,0,16,16,6.50116,0,6.50116,6.50116,11.1898,7.8818,4.30143,26.1229,
2.7,10,4,7,2,1.21527,0.176777,1.09027,1.34027,6.5,0,6.5,6.5,0.375,0.176777,0.25,0.5,16,0,16,16,6.50116,0,6.50116,6.50116,59.2836,18.309,46.3371,72.23,
2.7,12,4,7,6,1.20337,0.116642,0.96527,1.25098,6.5,0,6.5,6.5,0.797619,0.116642,0.75,1.03571,16,0,16,16,6.50116,0,6.50116,6.50116,10.7151,0.625705,9.98,11.4621,
2.7,15,5,7,2,26.751,34.8755,2.09027,51.4117,6.5,0,6.5,6.5,0,0,0,0,16,0,16,16,6.50116,0,6.50116,6.50116,11.7121,9.14188,5.24785,18.1764,
2.7,16,5,7,6,1.09325,0.122379,1.00098,1.25098,6.5,0,6.5,6.5,0.407738,0.122379,0.25,0.5,16,0,16,16,6.50116,0,6.50116,6.50116,5.01869,0.562363,4.49785,5.89071,
2.7,17,6,7,6,1.05455,0,1.05455,1.05455,6.5,0,6.5,6.5,0.25,0,0.25,0.25,16,0,16,16,6.50116,0,6.50116,6.50116,4.31035,0.424797,3.99785,4.98,
2.7,13,2,8,3,1.27479,0.134028,1.19741,1.42955,6.5,0,6.5,6.5,0,0,0,0,2,0,2,2,6.50116,0,6.50116,6.50116,93.1109,25.2701,76.9264,122.23,
2.7,3,2,2,6,1.61607,0.51356,1.14286,2.16071,0,0,0,0,0,0,0,0,9,0,9,9,0,0,0,0,10.2321,7.04336,4.64286,23.8571,
2.7,8,3,2,6,3.96428,5.35317,1.19643,14.875,0.500009,0,0.500009,0.500009,0.994048,2.43491,0,5.96429,9,0,9,9,0.50072,0,0.50072,0.50072,23.6808,21.4754,5.12427,56.9457,
2.7,14,5,2,6,1.28274,0.363236,1,2,0.500009,0,0.500009,0.500009,0,0,0,0,9,0,9,9,0.50072,0,0.50072,0.50072,4.97844,1.34991,3.74927,7.48141,
2.7,20,2,2,1,1.26786,0,1.26786,1.26786,0,0,0,0,0,0,0,0,9,0,9,9,0,0,0,0,18.6786,0,18.6786,18.6786,
2.7,1,4,3,6,1.26786,0.0971534,1.21429,1.46429,0.500009,0,0.500009,0.500009,0,0,0,0,2,0,2,2,0.50072,0,0.50072,0.50072,14.3207,6.86658,9.99927,27.8921,
2.7,4,2,4,6,1.14583,0.098727,0.946427,1.19643,0.500009,0,0.500009,0.500009,0,0,0,0,9,0,9,9,0.50072,0,0.50072,0.50072,17.5231,7.188,7.96356,25.3207,
2.7,7,3,4,7,1.30867,0.2678,1.10714,1.85714,0.500009,0,0.500009,0.500009,0,0,0,0,9,0,9,9,0.50072,0,0.50072,0.50072,6.6957,2.26004,3.51713,10.4278,
2.7,9,4,4,5,1.25714,0.225736,1.14286,1.66071,0,0,0,0,0,0,0,0,9,0,9,9,0,0,0,0,103.936,10.5289,87.1429,114.161,
2.7,18,6,4,7,1.25,0,1.25,1.25,0.500009,0,0.500009,0.500009,0,0,0,0,9,0,9,9,0.50072,0,0.50072,0.50072,2.90998,0,2.90998,2.90998,
2.7,19,6,6,6,1.08929,0,1.08929,1.08929,0,0,0,0,0,0,0,0,2,0,2,2,0,0,0,0,4.10417,0.303974,3.91071,4.57143,
2.8,1,4,7,4,1.01413,0.0094205,1,1.01884,5,3,0.500009,6.5,0,0,0,0,5.75,2.5,2,7,5.00105,3.00022,0.50072,6.50116,5.79732,3.13197,3.17642,10.3386,
2.8,5,3,7,7,1.18989,0.0764792,1.10813,1.25187,6.5,0,6.5,6.5,0.321302,0.400734,0,0.75,9.57143,4.39155,7,16,6.50116,0,6.50116,6.50116,4.88561,1.46993,2.71214,6.73,
2.8,7,3,7,5,1.1365,0.139606,0.928572,1.32241,5.3,2.68328,0.500009,6.5,0,0,0,0,7.4,0.894427,7,9,5.30107,2.68348,0.50072,6.50116,5.59814,1.34053,3.49785,6.92642,
2.8,12,4,8,5,1.24027,0.141511,1.00098,1.37598,6.5,0,6.5,6.5,0.15,0.33541,0,0.75,10.4,3.1305,9,16,6.50116,0,6.50116,6.50116,4.34071,3.3726,2.76571,10.3729,
2.8,15,5,8,2,27.6621,11.3131,19.6626,35.6617,6.5,0,6.5,6.5,23.7496,11.3131,15.75,31.7491,16,0,16,16,6.50116,0,6.50116,6.50116,27.9264,14.3442,17.7836,38.0693,
2.8,17,6,8,5,1.29384,0.164925,1.05455,1.51884,6.5,0,6.5,6.5,0.05,0.111803,0,0.25,10.4,3.1305,9,16,6.50116,0,6.50116,6.50116,5.99071,1.07132,5.03357,7.83714,
2.8,20,6,8,1,1.03571,0,1.03571,1.03571,0,0,0,0,0,0,0,0,9,0,9,9,0,0,0,0,108.607,0,108.607,108.607,
2.8,2,4,9,3,1.07241,0.0927877,1.01884,1.17955,11.5,0,11.5,11.5,0,0,0,0,7,0,7,7,11.5012,0,11.5012,11.5012,4.09309,1.4077,3.15857,5.71214,
2.8,4,3,9,5,1.23273,0.154908,1.00098,1.42857,7.1,6.02494,0.500009,11.5,0,0,0,0,7.8,1.09545,7,9,7.10099,6.02519,0.50072,11.5012,13.2448,11.1074,4.92643,29.4993,
2.8,10,5,9,2,2.21527,0.176777,2.09027,2.34027,6.5,0,6.5,6.5,0.125,0.176777,0,0.25,16,0,16,16,6.50116,0,6.50116,6.50116,111.025,37.0347,84.8371,137.212,
2.8,8,4,2,3,1.25,0.386721,1.01786,1.69643,0.500009,0,0.500009,0.500009,0,0,0,0,9,0,9,9,0.50072,0,0.50072,0.50072,14.4814,18.2778,2.90998,35.5528,
2.8,9,2,2,10,1.22679,0.148939,1.08929,1.41071,0,0,0,0,0,0,0,0,9,0,9,9,0,0,0,0,39.4821,38.1601,2.89286,106.946,
2.8,18,6,2,5,1.16071,0.209774,1.01786,1.48214,0.500009,0,0.500009,0.500009,0,0,0,0,9,0,9,9,0.50072,0,0.50072,0.50072,5.72784,0.560356,4.74927,6.17784,
2.8,19,6,2,5,1.26786,0.206711,1.08929,1.57143,0.400007,0.223611,0,0.500009,0,0,0,0,7.6,3.1305,2,9,0.400576,0.223929,0,0.50072,5.84227,2.75928,4.39213,10.7679,
2.8,3,2,5,6,1.22321,0.0418794,1.16071,1.25,0.416674,0.204128,0,0.500009,0,0,0,0,9,0,9,9,0.417267,0.204418,0,0.50072,3.81189,2.16577,2.90998,8.23214,
2.8,6,3,5,4,1.14732,0.0803565,1.10714,1.26786,0.500009,0,0.500009,0.500009,0,0,0,0,9,0,9,9,0.50072,0,0.50072,0.50072,3.36088,0.731834,2.74927,4.37427,
2.8,14,5,5,4,1.20089,0.114225,1.10714,1.33929,0.125002,0.250005,0,0.500009,0,0,0,0,9,0,9,9,0.12518,0.25036,0,0.50072,14.607,7.52208,7.64286,25.1421,
2.8,16,5,5,5,1.20377,0.334083,0.964286,1.76786,1.3,2.90689,0,6.5,0.0964286,0.215621,0,0.482143,10.4,3.1305,9,16,1.30023,2.90741,0,6.50116,10.8674,5.31936,6.48,18.3393,
2.8,13,5,6,8,7.09261,9.15235,1.1617,26.9474,6.5,0,6.5,6.5,0.249889,0.706792,0,1.99911,2,0,2,2,6.50116,0,6.50116,6.50116,113.192,24.9267,74.9621,139.48,
2.9,1,4,7,7,1.11578,0.189784,1.01884,1.51884,6.5,0,6.5,6.5,0,0,0,0,7,0,7,7,6.50116,0,6.50116,6.50116,8.96214,8.57807,2.90857,23.1764,
2.9,5,3,7,6,1.10813,0.0964946,0.947413,1.25098,6.5,0,6.5,6.5,0,0,0,0,7,0,7,7,6.50116,0,6.50116,6.50116,7.62583,2.09111,4.12286,10.2657,
2.9,7,3,7,6,1.32256,0.258528,1.14384,1.82241,6.5,0,6.5,6.5,0,0,0,0,7,0,7,7,6.50116,0,6.50116,6.50116,7.69116,2.36938,3.71214,10.1577,
2.9,12,4,8,6,1.53967,0.314695,1.35813,2.17955,6.5,0,6.5,6.5,0,0,0,0,9,0,9,9,6.50116,0,6.50116,6.50116,4.23595,1.37441,3.24785,6.89071,
2.9,15,5,8,8,1.39161,0.312144,1.07241,2.09027,6.5,0,6.5,6.5,0,0,0,0,9,0,9,9,6.50116,0,6.50116,6.50116,12.0224,9.22821,6.37286,32.7479,
2.9,17,6,8,6,1.29563,0.125636,1.21527,1.5367,6.5,0,6.5,6.5,0,0,0,0,9,0,9,9,6.52474,0.025829,6.50116,6.54832,4.24511,0.982414,2.94428,4.98,
2.9,20,6,8,10,1.30922,0.149406,1.10714,1.53571,1.95,3.1398,0,6.5,0,0,0,0,9,0,9,9,1.95035,3.14036,0,6.50116,108.844,76.4312,4.78357,197.893,
2.9,2,4,9,6,1.15574,0.0145802,1.12598,1.1617,11.5,0,11.5,11.5,0,0,0,0,7,0,7,7,11.5012,0,11.5012,11.5012,6.27464,6.29576,3.01571,19.0336,
2.9,4,3,9,3,2.01289,1.28873,1.26884,3.50098,11.5,0,11.5,11.5,0,0,0,0,7,0,7,7,11.5012,0,11.5012,11.5012,27.6943,24.6289,10.9979,55.98,
2.9,10,5,9,3,2.50098,0.380068,2.09027,2.84027,6.5,0,6.5,6.5,0.172619,0.149759,0,0.267857,16,0,16,16,6.50116,0,6.50116,6.50116,172.426,12.0002,160.462,184.462,
2.9,8,4,2,1,1.69643,0,1.69643,1.69643,0.500009,0,0.500009,0.500009,0,0,0,0,9,0,9,9,0.50072,0,0.50072,0.50072,33.8564,0,33.8564,33.8564,
2.9,9,2,2,6,6.49107,9.45205,0.82143,24.5179,0,0,0,0,3.17262,4.34015,0,9.42857,9,0,9,9,0,0,0,0,3.23809,0.793683,2.67857,4.64286,
2.9,18,6,2,6,1.14286,0.0837568,1.08929,1.26786,0.500009,0,0.500009,0.500009,0,0,0,0,9,0,9,9,0.50072,0,0.50072,0.50072,3.48439,0.78737,2.76713,4.98141,
2.9,19,6,2,7,1.35204,0.100336,1.125,1.39286,0.500009,0,0.500009,0.500009,0,0,0,0,9,0,9,9,0.50072,0,0.50072,0.50072,3.21101,0.813002,2.73141,4.40999,
2.9,3,2,5,6,1.21429,0.0964947,1.01786,1.26786,0.500009,0,0.500009,0.500009,0,0,0,0,9,0,9,9,0.50072,0,0.50072,0.50072,3.27903,0.812503,2.89213,4.92784,
2.9,6,3,5,1,1.10714,0,1.10714,1.10714,0.500009,0,0.500009,0.500009,0,0,0,0,9,0,9,9,0.50072,0,0.50072,0.50072,5.15998,0,5.15998,5.15998,
2.9,14,5,5,7,1.31633,0.264003,1.01786,1.60714,0,0,0,0,0,0,0,0,9,0,9,9,0,0,0,0,9.18112,5.11167,5.98214,19.9107,
2.9,16,5,5,7,1.22194,0.0909705,1.01786,1.26786,0,0,0,0,0,0,0,0,9,0,9,9,0,0,0,0,7.6352,1.2474,6.23214,9.85714,
2.9,13,5,6,7,1.36224,0.0689407,1.32143,1.51786,0.500009,0,0.500009,0.500009,0,0,0,0,2,0,2,2,0.50072,0,0.50072,0.50072,6.81305,2.23309,2.6957,10.0707,
3,1,4,7,6,1.29563,0.432681,1.01884,2.1617,6.5,0,6.5,6.5,0,0,0,0,7,0,7,7,6.50116,0,6.50116,6.50116,11.108,2.42535,6.78357,14.105,
3,5,3,7,6,1.19444,0.189796,0.983127,1.50098,6.5,0,6.5,6.5,0,0,0,0,7,0,7,7,6.50116,0,6.50116,6.50116,9.86393,0.651015,9.15857,10.6764,
3,7,3,7,6,1.1736,0.218899,1.00098,1.55455,6.5,0,6.5,6.5,0,0,0,0,7,0,7,7,6.50116,0,6.50116,6.50116,10.0693,0.548421,9.44428,10.8729,
3,12,4,8,2,1.77777,0.568211,1.37598,2.17955,6.5,0,6.5,6.5,0,0,0,0,9,0,9,9,6.50116,0,6.50116,6.50116,10.605,10.0005,3.53357,17.6764,
3,15,5,8,6,1.79563,0.616292,1.35813,2.85813,6.5,0,6.5,6.5,0,0,0,0,9,0,9,9,6.50116,0,6.50116,6.50116,11.105,5.64708,6.89071,18.4086,
3,17,6,8,7,1.21527,0,1.21527,1.21527,6.5,0,6.5,6.5,0,0,0,0,9,0,9,9,6.54832,0,6.54832,6.54832,4.90478,0.256476,4.80784,5.48641,
3,20,6,8,7,1.19741,0,1.19741,1.19741,6.5,0,6.5,6.5,0,0,0,0,9,0,9,9,6.50116,0,6.50116,6.50116,5.06928,0.188982,4.99785,5.49785,
3,2,4,9,6,1.21824,0.113173,1.1617,1.44741,11.5,0,11.5,11.5,0,0,0,0,5,1.54919,4,7,11.5012,0,11.5012,11.5012,9.64071,2.06251,5.64071,11.6407,
3,10,5,9,0,0,0,0,0,0,0,0,0,0,0,0,0,0,0,0,0,0,0,0,0,0,0,0,0,
3,8,4,2,13,1.51786,0.363485,1.03571,2.19643,0.500009,0,0.500009,0.500009,0,0,0,0,9,0,9,9,0.50072,0,0.50072,0.50072,57.5048,33.7717,8.65999,116.892,
3,9,2,2,6,6.11905,9.36034,0.839287,24.2679,0,0,0,0,3.38095,4.47497,0,9.17857,9,0,9,9,0,0,0,0,3.32143,0.702583,2.73214,4.39286,
3,18,6,2,6,1.08929,0,1.08929,1.08929,0.500009,0,0.500009,0.500009,0,0,0,0,9,0,9,9,0.50072,0,0.50072,0.50072,3.47546,0.204124,3.39213,3.89213,
3,19,6,2,6,1.39286,0,1.39286,1.39286,0.500009,0,0.500009,0.500009,0,0,0,0,9,0,9,9,0.50072,0,0.50072,0.50072,2.73141,0,2.73141,2.73141,
3,3,2,5,7,1.25,0,1.25,1.25,0.500009,0,0.500009,0.500009,0,0,0,0,9,0,9,9,0.50072,0,0.50072,0.50072,3.15488,0.647939,2.90998,4.62427,
3,6,3,5,10,1.55179,0.373955,1.03571,2,0.500009,0,0.500009,0.500009,0,0,0,0,9,0,9,9,0.50072,0,0.50072,0.50072,61.9778,20.0273,33.7136,91.3028,
3,14,5,5,3,1.22619,0.125424,1.10714,1.35714,0,0,0,0,0,0,0,0,9,0,9,9,0,0,0,0,5.36905,2.29131,2.73214,6.875,
3,16,5,5,6,1.15179,0.235484,0.857144,1.51786,0,0,0,0,0,0,0,0,9,0,9,9,0,0,0,0,5.62202,1.48747,3.69643,8.08929,
3,13,5,6,5,1.56071,0.366963,1.28571,2.08928,0.500009,0,0.500009,0.500009,0,0,0,0,2,0,2,2,0.50072,0,0.50072,0.50072,8.64927,6.88557,4.87427,20.9278,
3.1,20,6,7,5,1.18313,0.102892,1.01884,1.30455,6.5,0,6.5,6.5,0,0,0,0,3.4,3.1305,2,9,6.50116,0,6.50116,6.50116,4.59071,1.33071,3.14071,5.74785,
3.1,10,4,9,2,1.90277,0.517703,1.5367,2.26884,11.5,0,11.5,11.5,0,0,0,0,4,0,4,4,11.5017,0.000741755,11.5012,11.5022,117.185,10.3422,109.872,124.498,
3.1,16,5,9,4,1.63467,0.440053,1.25098,2.26884,8.625,5.75,0,11.5,0,0,0,0,9,0,9,9,8.62587,5.75058,0,11.5012,6.40911,2.26773,3.74785,8.76786,
3.1,17,6,9,3,1.08432,0.113408,1.01884,1.21527,9.83333,2.88675,6.5,11.5,0,0,0,0,9,0,9,9,9.85021,2.85953,6.54832,11.5012,4.83928,0.096492,4.78357,4.9507,
3.1,19,6,9,3,1.41732,0.0211876,1.39286,1.42955,7.83334,6.35085,0.500009,11.5,0,0,0,0,9,0,9,9,7.83435,6.35111,0.50072,11.5012,4.23047,1.29822,2.73141,4.98,
3.1,6,4,2,3,1.19643,0.154647,1.01786,1.28571,0.500009,0,0.500009,0.500009,0,0,0,0,5.66667,2.88675,4,9,0.50072,0,0.50072,0.50072,23.2076,8.24707,17.6064,32.6778,
3.1,7,3,2,6,1.31564,0.256277,1.07241,1.66071,1.50001,2.44949,0.500009,6.5,0,0,0,0,4.5,1.22474,4,7,1.50079,2.44967,0.50072,6.50116,5.35915,3.12365,2.73141,10.355,
3.1,9,2,3,3,1.55952,0.547586,1.08929,2.16071,0.333339,0.28868,0,0.500009,0,0,0,0,5.66667,2.88675,4,9,0.333813,0.289091,0,0.50072,23.7257,18.5094,4.66071,41.6243,
3.1,13,5,3,6,1.16667,0.0827358,1.07143,1.32143,0.500009,0,0.500009,0.500009,0,0,0,0,3.66667,0.816497,2,4,0.50072,0,0.50072,0.50072,9.49629,7.55057,3.73141,24.1243,
3.1,2,4,4,4,1.27703,0.154932,1.05357,1.4117,2.875,5.75,0,11.5,0,0,0,0,6.25,1.5,4,7,2.87529,5.75058,0,11.5012,27.937,3.52187,23.2121,31.2679,
3.1,5,3,4,6,1.36028,0.271306,1.14286,1.89286,1.50001,2.44949,0.500009,6.5,0,0,0,0,7,0,7,7,1.50079,2.44967,0.50072,6.50116,6.95142,6.55932,2.76713,19.1243,
3.1,8,4,4,3,2.25595,1.35965,0.946427,3.66071,0.16667,0.28868,0,0.500009,0,0,0,0,7.66667,1.1547,7,9,0.166907,0.289091,0,0.50072,34.3331,23.2781,7.46356,48.3929,
3.1,11,4,5,0,0,0,0,0,0,0,0,0,0,0,0,0,0,0,0,0,0,0,0,0,0,0,0,0,
3.1,14,5,5,9,8.15476,12.7233,1.10714,37.3393,0,0,0,0,5.46825,7.09007,0,18,6.22222,2.63523,4,9,0,0,0,0,27.5655,14.8726,8.64286,51.25,
3.1,1,4,6,4,1.46453,0.244387,1.125,1.64286,2.00001,3,0.500009,6.5,0,0,0,0,10.75,2.5,7,12,2.00083,3.00022,0.50072,6.50116,19.0748,4.28543,15.7314,25.355,
3.1,3,2,6,5,1.2,0.209165,1,1.5,0.500009,0,0.500009,0.500009,0,0,0,0,12,0,12,12,0.50072,0,0.50072,0.50072,4.7707,1.68787,2.73141,6.48141,
3.1,12,3,6,5,1.60813,0.436862,1.1617,2.14384,6.5,0,6.5,6.5,0,0,0,0,9,0,9,9,6.50116,0,6.50116,6.50116,82.8729,3.58408,79.4979,88.9264,
3.1,15,2,6,1,1.32241,0,1.32241,1.32241,6.5,0,6.5,6.5,0,0,0,0,9,0,9,9,6.50116,0,6.50116,6.50116,60.3014,0,60.3014,60.3014,
3.1,18,6,6,6,1.14286,0.116824,1.01786,1.26786,0.0833348,0.204128,0,0.500009,0,0,0,0,11.5,1.22474,9,12,0.0834533,0.204418,0,0.50072,2.96119,0.222873,2.73214,3.39213,
3.2,20,6,7,7,1.19741,0,1.19741,1.19741,6.5,0,6.5,6.5,0,0,0,0,2,0,2,2,6.50116,0,6.50116,6.50116,5.74785,0,5.74785,5.74785,
3.2,10,4,9,5,8.02598,9.5911,1.26884,23.5188,11.5,0,11.5,11.5,0,0,0,0,6,2.73861,4,9,11.5012,0,11.5012,11.5012,135.473,13.6211,116.909,149.373,
3.2,16,5,9,6,1.38789,0.300439,1.25098,2.00098,11.5,0,11.5,11.5,0,0,0,0,9,0,9,9,11.5012,0,11.5012,11.5012,3.13178,0.585186,2.69428,4.21214,
3.2,17,6,9,7,1.01884,0,1.01884,1.01884,11.5,0,11.5,11.5,0,0,0,0,9,0,9,9,11.5028,0.00432429,11.5012,11.5126,4.78193,0.00432429,4.77213,4.78357,
3.2,19,6,9,7,1.37598,0,1.37598,1.37598,11.5,0,11.5,11.5,0,0,0,0,9,0,9,9,11.5012,0,11.5012,11.5012,5.03357,0,5.03357,5.03357,
3.2,6,4,2,5,1.36071,0.51838,1.01786,2.26786,0.500009,0,0.500009,0.500009,0,0,0,0,4,0,4,4,0.50072,0,0.50072,0.50072,24.6064,5.01816,19.5886,31.6421,
3.2,7,3,2,6,1.35119,0.078787,1.25,1.41071,0.500009,0,0.500009,0.500009,0,0,0,0,4,0,4,4,0.50072,0,0.50072,0.50072,2.99927,0.44349,2.73141,3.87427,
3.2,9,2,3,2,60.4286,11.3137,52.4286,68.4286,0.500013,6.36396e-06,0.500009,0.500018,2,2.82842,0,3.99999,4,0,4,4,0.50072,0,0.50072,0.50072,56.2939,17.2357,44.1064,68.4814,
3.2,13,5,3,6,1.14881,0.0145802,1.14286,1.17857,0.500009,0,0.500009,0.500009,0,0,0,0,4,0,4,4,0.50072,0,0.50072,0.50072,4.62427,0.837498,4.15998,6.3207,
3.2,2,4,4,6,1.42857,0.213988,1.05357,1.57143,0,0,0,0,0,0,0,0,7,0,7,7,0,0,0,0,36.3542,3.71012,31.8393,40.4821,
3.2,5,3,4,6,1.23214,0,1.23214,1.23214,0.500009,0,0.500009,0.500009,0,0,0,0,7,0,7,7,0.50072,0,0.50072,0.50072,2.97844,0.118136,2.89213,3.17784,
3.2,8,4,4,6,1.83036,0.474308,1.375,2.66071,0,0,0,0,0,0,0,0,7,0,7,7,0,0,0,0,47.5327,4.61445,42.3393,53.4286,
3.2,11,4,5,0,0,0,0,0,0,0,0,0,0,0,0,0,0,0,0,0,0,0,0,0,0,0,0,0,
3.2,14,5,5,7,1.3648,0.125364,1.17857,1.60714,0,0,0,0,0,0,0,0,4,0,4,4,0,0,0,0,7.78827,6.41888,3.5,20.1607,
3.2,1,4,6,6,1.33631,0.247285,1.08929,1.625,0.500009,0,0.500009,0.500009,0,0,0,0,12,0,12,12,0.50072,0,0.50072,0.50072,23.9278,4.36159,18.5886,28.8028,
3.2,3,2,6,6,1.1994,0.300598,0.946429,1.75,0.500009,0,0.500009,0.500009,0,0,0,0,12,0,12,12,0.50072,0,0.50072,0.50072,6.39213,1.65253,3.28498,7.98141,
3.2,12,3,6,6,1.22024,0.264302,0.946429,1.69643,0.500009,0,0.500009,0.500009,0,0,0,0,12,0,12,12,0.50072,0,0.50072,0.50072,2.93082,0.15337,2.73141,3.10641,
3.2,15,2,6,0,0,0,0,0,0,0,0,0,0,0,0,0,0,0,0,0,0,0,0,0,0,0,0,0,
3.2,18,6,6,6,1.14286,0.136931,1.01786,1.26786,0,0,0,0,0,0,0,0,12,0,12,12,0,0,0,0,2.91071,0,2.91071,2.91071,
3.3,10,4,9,4,13.0724,11.429,1.7867,28.751,11.5,0,11.5,11.5,7.37054,5.40603,0,12.9643,9,0,9,9,11.5012,0,11.5012,11.5012,138.078,12.9558,126.248,155.784,
3.3,16,5,9,6,1.35217,0.129099,1.26884,1.51884,11.5,0,11.5,11.5,0,0,0,0,9,0,9,9,11.5012,0,11.5012,11.5012,4.89964,1.09117,3.46214,6.74785,
3.3,17,6,9,6,1.01884,0,1.01884,1.01884,11.5,0,11.5,11.5,0,0,0,0,9,0,9,9,11.505,0.00590811,11.5012,11.5126,4.28571,1.03466,3.62285,6.37285,
3.3,19,6,9,6,1.40872,0.0262848,1.37598,1.42955,11.5,0,11.5,11.5,0,0,0,0,9,0,9,9,11.506,0.0119617,11.5012,11.5305,5.16261,1.1388,4.03357,7.26571,
3.3,6,4,2,5,1.31429,0.425697,1.01786,1.96429,0.500009,0,0.500009,0.500009,0,0,0,0,4,0,4,4,0.50072,0,0.50072,0.50072,43.2493,4.72309,37.8564,50.1957,
3.3,7,3,2,6,1.42559,0.10974,1.28571,1.625,0.500009,0,0.500009,0.500009,0,0,0,0,4,0,4,4,0.50072,0,0.50072,0.50072,3.57665,1.03963,2.73141,5.28498,
3.3,9,2,3,2,28.4286,11.3137,20.4286,36.4286,0.500031,6.36396e-06,0.500027,0.500036,9.99998,2.82842,7.99998,12,4,0,4,4,0.50072,0,0.50072,0.50072,114.33,41.6814,84.8564,143.803,
3.3,13,5,3,5,1.14286,0,1.14286,1.14286,0.500009,0,0.500009,0.500009,0,0,0,0,4,0,4,4,0.50072,0,0.50072,0.50072,21.5421,10.4771,3.89213,28.4278,
3.3,2,4,4,5,1.25,0.439409,1.03571,2.03571,0,0,0,0,0,0,0,0,7,0,7,7,0,0,0,0,47.0821,4.0258,42.0893,52.4107,
3.3,5,3,4,6,1.30059,0.0833114,1.23214,1.41071,0.500009,0,0.500009,0.500009,0,0,0,0,7,0,7,7,0.50072,0,0.50072,0.50072,3.67189,1.39833,2.74927,6.23141,
3.3,8,4,4,5,6.16428,8.11981,1.17857,20.4286,0,0,0,0,1.5,2.70994,0,6.25,7,0,7,7,0,0,0,0,54.6107,8.58377,41.625,65.2321,
3.3,11,4,5,4,1.59375,0.244138,1.39286,1.91071,0.500009,0,0.500009,0.500009,0,0,0,0,4,0,4,4,0.50072,0,0.50072,0.50072,27.5886,8.40054,18.4278,37.6064,
3.3,14,5,5,6,1.66667,0.353132,1.17857,2.08928,0,0,0,0,0,0,0,0,4,0,4,4,0,0,0,0,6.88095,3.04795,5,12.9821,
3.3,1,4,6,5,1.33571,0.207635,1.14286,1.64286,0.500009,0,0.500009,0.500009,0,0,0,0,12,0,12,12,0.50072,0,0.50072,0.50072,33.6493,3.61574,29.6778,39.0707,
3.3,3,2,6,6,1.19345,0.250361,0.964286,1.5,0.500009,0,0.500009,0.500009,0,0,0,0,12,0,12,12,0.50072,0,0.50072,0.50072,8.27903,1.40832,5.98141,9.51713,
3.3,12,3,6,7,1.60714,0.250425,1.32143,2.05357,0.500009,0,0.500009,0.500009,0,0,0,0,12,0,12,12,0.50072,0,0.50072,0.50072,3.24162,1.08262,2.62427,5.67784,
3.3,15,2,6,8,8.84821,8.78726,1.26786,20.0179,0.500012,4.65794e-06,0.500009,0.500018,6.26785,5.67855,0,12,12,0,12,12,0.50072,0,0.50072,0.50072,100.124,16.3432,76.6421,117.517,
3.3,18,6,6,6,1.14286,0.136931,1.01786,1.26786,0,0,0,0,0,0,0,0,12,0,12,12,0,0,0,0,2.95536,0.109352,2.91071,3.17857,
3.4,1,4,9,6,1.43783,0.235261,1.125,1.64286,4.16667,5.68037,0.500009,11.5,0,0,0,0,10.3333,2.58199,7,12,4.17837,5.69743,0.50072,11.5662,24.4642,13.3425,8.3257,39.2493,
3.4,4,2,9,3,1.19741,0,1.19741,1.19741,11.5,0,11.5,11.5,0,0,0,0,7,0,7,7,11.5012,0,11.5012,11.5012,4.28357,0.340224,3.89071,4.48,
3.4,14,5,9,4,1.28645,0.131045,1.09027,1.35813,8.625,5.75,0,11.5,0,0,0,0,6.25,1.5,4,7,8.62587,5.75058,0,11.5012,9.22607,12.7784,2.74785,28.3929,
3.4,5,3,2,5,1.18571,0.172486,0.92857,1.41071,0.500009,0,0.500009,0.500009,0,0,0,0,8.6,0.894427,7,9,0.50072,0,0.50072,0.50072,11.0386,4.63302,2.90998,13.9636,
3.4,6,3,2,7,1.41837,0.421552,1.01786,2,0.500009,0,0.500009,0.500009,0,0,0,0,6.14286,2.67261,4,9,0.50072,0,0.50072,0.50072,54.9431,8.26942,44.4278,64.5171,
3.4,10,3,2,7,2.14652,0.283383,1.75098,2.53759,11.5,0,11.5,11.5,0.816327,2.1598,0,5.71429,9,0,9,9,11.5012,0,11.5012,11.5012,176.072,6.40548,168.568,182.891,
3.4,15,5,2,9,1.42262,0.316051,1.23214,2.21429,0.500009,0,0.500009,0.500009,2.21429,3.89835,0,10.6607,11,1.5,9,12,0.50072,0,0.50072,0.50072,47.8882,36.0679,2.73141,88.7314,
3.4,9,4,3,17,5.00525,8.11275,0.910713,30.2321,0.500012,8.96685e-06,0.500009,0.500045,2.14706,4.25609,0,16,4,0,4,4,0.50072,0,0.50072,0.50072,105.619,51.6311,19.2314,176.731,
3.4,18,6,3,6,1.13393,0.0969883,1.07143,1.26786,0.416674,0.204128,0,0.500009,0,0,0,0,5.33333,3.26599,4,12,0.417267,0.204418,0,0.50072,2.86844,0.0675388,2.73141,2.91071,
3.4,7,3,4,5,1.20357,0.0482478,1.16071,1.28571,0.500009,0,0.500009,0.500009,0,0,0,0,8,2.23607,4,9,0.50072,0,0.50072,0.50072,11.11,4.74539,2.83856,14.1421,
3.4,8,3,4,1,2.14286,0,2.14286,2.14286,0,0,0,0,0,0,0,0,7,0,7,7,0,0,0,0,67.8571,0,67.8571,67.8571,
3.4,17,6,4,6,1.24124,0.130277,1.01884,1.42857,2.33334,4.49073,0.500009,11.5,0,0,0,0,9,0,9,9,2.33603,4.49558,0.50072,11.5126,2.91975,0.132327,2.73141,3.14713,
3.4,19,6,4,5,1.16071,0.0798589,1.01786,1.19643,0.500009,0,0.500009,0.500009,0,0,0,0,9,0,9,9,0.50072,0,0.50072,0.50072,3.0707,0.758665,2.73141,4.42784,
3.4,2,4,5,8,1.24554,0.16498,1,1.53571,0.250005,0.267266,0,0.500009,0,0,0,0,4.5,2.67261,2,7,0.25036,0.267646,0,0.50072,25.3612,20.1627,6.67784,53.1786,
3.4,3,2,6,7,1.34694,0.237766,1,1.75,0.500009,0,0.500009,0.500009,0,0,0,0,12,0,12,12,0.50072,0,0.50072,0.50072,5.0809,2.33428,2.71356,9.35642,
3.4,11,3,6,5,1.8,0.443454,1.32143,2.41071,0.500009,0,0.500009,0.500009,0,0,0,0,5.6,3.57771,4,12,0.50072,0,0.50072,0.50072,45.2493,18.3334,13.6778,56.6064,
3.4,12,4,6,6,1.44048,0.503263,1.07143,2.35714,0.500009,0,0.500009,0.500009,0,0,0,0,12,0,12,12,0.50072,0,0.50072,0.50072,8.36832,1.64451,6.60642,10.785,
3.4,13,5,6,6,1.10119,0.0942661,1,1.25,0.500009,0,0.500009,0.500009,0,0,0,0,9.33333,4.13118,4,12,0.50072,0,0.50072,0.50072,6.73737,6.38523,3.21356,19.3921,
3.4,16,5,6,6,1.19957,0.223436,0.946427,1.51884,2.33334,4.49073,0.500009,11.5,0,0,0,0,11.5,1.22474,9,12,2.33413,4.49091,0.50072,11.5012,3.39189,0.896842,2.85641,5.1957,
3.5,1,4,9,6,1.38193,0.297667,1.14384,1.92955,11.5,0,11.5,11.5,0,0,0,0,7,0,7,7,11.512,0.0265419,11.5012,11.5662,5.87095,6.22718,2.74785,18.5514,
3.5,4,2,9,6,1.19741,0,1.19741,1.19741,11.5,0,11.5,11.5,0,0,0,0,7,0,7,7,11.5012,0,11.5012,11.5012,3.10202,0.587108,2.74785,4.14071,
3.5,14,5,9,4,9.86259,17.0446,1.34027,35.4296,11.5,0,11.5,11.5,0,0,0,0,7,0,7,7,11.5012,0,11.5012,11.5012,8.9041,9.17814,2.90857,22.48,
3.5,5,3,2,6,1.32738,0.20034,1.14286,1.64286,0.500009,0,0.500009,0.500009,0,0,0,0,9,0,9,9,0.50072,0,0.50072,0.50072,15.1272,2.27277,12.7136,18.3921,
3.5,6,3,2,5,6.71071,11.6297,1.25,27.5,0.500009,0,0.500009,0.500009,0,0,0,0,9,0,9,9,0.50072,0,0.50072,0.50072,38.9671,8.72372,23.4636,44.16,
3.5,10,3,2,2,2.37598,0.85863,1.76884,2.98313,11.5,0,11.5,11.5,0,0,0,0,9,0,9,9,11.5012,0,11.5012,11.5012,214.132,20.544,199.605,228.659,
3.5,15,5,2,6,1.2381,0.00922132,1.23214,1.25,0.500009,0,0.500009,0.500009,0,0,0,0,9,0,9,9,0.50072,0,0.50072,0.50072,4.03201,1.14945,2.73141,5.62427,
3.5,9,4,3,6,1.83928,0.586302,1.25,2.67857,0.500009,0,0.500009,0.500009,0,0,0,0,4,0,4,4,0.50072,0,0.50072,0.50072,4.85641,1.06114,3.71356,6.64213,
3.5,18,6,3,6,1.07143,0,1.07143,1.07143,0.500009,0,0.500009,0.500009,0,0,0,0,4,0,4,4,0.50072,0,0.50072,0.50072,2.89213,0,2.89213,2.89213,
3.5,7,3,4,6,1.21131,0.187429,0.92857,1.42857,0.500009,0,0.500009,0.500009,0,0,0,0,9,0,9,9,0.50072,0,0.50072,0.50072,14.6808,1.58361,12.3921,16.6421,
3.5,8,3,4,6,1.68452,0.521314,1.19643,2.44643,0.0833348,0.204128,0,0.500009,0,0,0,0,7.66667,1.0328,7,9,0.0834533,0.204418,0,0.50072,163.33,3.07788,160.196,168.464,
3.5,17,6,4,6,1.25,0,1.25,1.25,0.500009,0,0.500009,0.500009,0,0,0,0,9,0,9,9,0.50072,0,0.50072,0.50072,2.90998,0,2.90998,2.90998,
3.5,19,6,4,6,1.19643,0,1.19643,1.19643,0.500009,0,0.500009,0.500009,0,0,0,0,9,0,9,9,0.50072,0,0.50072,0.50072,2.73141,0,2.73141,2.73141,
3.5,2,4,5,5,1.26429,0.15278,1.07143,1.5,0.500009,0,0.500009,0.500009,0,0,0,0,2,0,2,2,0.50072,0,0.50072,0.50072,10.06,7.36787,4.23141,21.2314,
3.5,3,2,6,6,4.47619,7.32906,1,19.3214,0.500011,3.67423e-06,0.500009,0.500018,5.1369,5.21073,0,12,12,0,12,12,0.50072,0,0.50072,0.50072,3.31177,0.789338,2.90998,4.89213,
3.5,11,3,6,6,1.22321,0.206634,1.05357,1.57143,0.500009,0,0.500009,0.500009,0,0,0,0,12,0,12,12,0.50072,0,0.50072,0.50072,16.163,2.14837,14.2671,19.4457,
3.5,12,4,6,0,0,0,0,0,0,0,0,0,0,0,0,0,0,0,0,0,0,0,0,0,0,0,0,0,
3.5,13,5,6,6,1.03571,0,1.03571,1.03571,0.500009,0,0.500009,0.500009,0,0,0,0,12,0,12,12,0.50072,0,0.50072,0.50072,3.34451,0.597152,2.9457,4.48141,
3.5,16,5,6,6,1.10417,0.309381,0.892856,1.69643,0.500009,0,0.500009,0.500009,0,0,0,0,12,0,12,12,0.50072,0,0.50072,0.50072,4.69868,1.99947,2.71356,8.14213,
3.6,1,4,9,6,1.34324,0.202792,1.17955,1.67955,11.5,0,11.5,11.5,0,0,0,0,7,0,7,7,11.509,0.0192518,11.5012,11.5483,9.80845,3.22991,3.71214,11.9264,
3.6,4,2,9,6,1.19741,0,1.19741,1.19741,11.5,0,11.5,11.5,0,0,0,0,7,0,7,7,11.5012,0,11.5012,11.5012,3.52166,0.876178,2.74785,4.49785,
3.6,14,5,9,9,3.63223,5.97259,1.07241,19.4304,11.5,0,11.5,11.5,3.13859,5.10935,0,13.9982,7,0,7,7,11.5024,0.00381367,11.5012,11.5126,5.52634,2.02454,3.21214,9.30143,
3.6,5,3,2,6,6.25297,9.3559,0.92857,24.4107,0.500011,3.67423e-06,0.500009,0.500018,3.41071,4.42814,0,8.99999,9,0,9,9,0.50072,0,0.50072,0.50072,22.1272,5.38231,15.3386,28.8743,
3.6,6,3,2,8,7.19866,8.84136,1.03571,26.2679,0.500009,0,0.500009,0.500009,6,4.73703,0,12.4643,9,0,9,9,0.50072,0,0.50072,0.50072,31.2783,10.5074,16.1064,45.1421,
3.6,10,3,2,4,8.70585,10.5197,1.30357,23.7331,6,6.35085,0.500009,11.5,2.125,4.25,0,8.5,9,0,9,9,6.00094,6.35111,0.50072,11.5012,122.427,119.817,18.6064,232.676,
3.6,15,5,2,6,1.15179,0.201636,0.964286,1.48214,0.500009,0,0.500009,0.500009,0,0,0,0,9,0,9,9,0.50072,0,0.50072,0.50072,6.76118,1.6649,4.23141,9.14213,
3.6,9,4,3,2,1.25,0,1.25,1.25,0.500009,0,0.500009,0.500009,0,0,0,0,4,0,4,4,0.50072,0,0.50072,0.50072,41.5707,4.94975,38.0707,45.0707,
3.6,18,6,3,6,1.07143,0,1.07143,1.07143,0.500009,0,0.500009,0.500009,0,0,0,0,4,0,4,4,0.50072,0,0.50072,0.50072,2.89213,0,2.89213,2.89213,
3.6,7,3,4,6,1.30952,0.309226,0.92857,1.69643,0.500009,0,0.500009,0.500009,0,0,0,0,9,0,9,9,0.50072,0,0.50072,0.50072,13.5737,1.71683,11.6421,16.1778,
3.6,8,3,4,7,3.47449,5.50588,0.946427,15.9464,0.500009,0,0.500009,0.500009,1.14286,3.02372,0,8,9,0,9,9,0.50072,0,0.50072,0.50072,154.201,11.0544,136.606,166.696,
3.6,17,6,4,6,1.25,0,1.25,1.25,0.500009,0,0.500009,0.500009,0,0,0,0,9,0,9,9,0.50072,0,0.50072,0.50072,2.90998,0,2.90998,2.90998,
3.6,19,6,4,7,1.19643,0,1.19643,1.19643,0.500009,0,0.500009,0.500009,0,0,0,0,9,0,9,9,0.50072,0,0.50072,0.50072,2.79774,0.175484,2.73141,3.1957,
3.6,2,4,5,7,1.30867,0.195537,1.19643,1.75,0.500009,0,0.500009,0.500009,0,0,0,0,2,0,2,2,0.50072,0,0.50072,0.50072,9.07325,3.62972,2.73141,14.6421,
3.6,3,2,6,7,1.16837,0.216716,1,1.48214,0.500009,0,0.500009,0.500009,0,0,0,0,10.2857,1.60357,9,12,0.50072,0,0.50072,0.50072,3.7059,1.05664,2.74927,4.98141,
3.6,11,3,6,7,1.45153,0.31113,1.07143,1.82143,0.500009,0,0.500009,0.500009,0,0,0,0,10.2857,1.60357,9,12,0.50072,0,0.50072,0.50072,15.0937,2.82395,11.41,20.6778,
3.6,13,5,6,7,1.31122,0.344394,1,2.03571,0.500009,0,0.500009,0.500009,0,0,0,0,10.2857,1.60357,9,12,0.50072,0,0.50072,0.50072,7.64978,1.39083,6.21356,9.60642,
3.6,16,5,6,6,1.30952,0.218023,1.16071,1.69643,0.500009,0,0.500009,0.500009,0,0,0,0,10,1.54919,9,12,0.50072,0,0.50072,0.50072,4.13022,1.61801,2.90999,7.24927,
3.7,1,4,7,6,1.25991,0.112797,1.1617,1.42955,8.16667,2.58199,6.5,11.5,0,0,0,0,5,1.54919,4,7,8.16783,2.58199,6.50116,11.5012,6.25976,6.4541,2.73,18.9621,
3.7,20,6,7,4,1.0992,0.017857,1.07241,1.10813,6.5,0,6.5,6.5,0,0,0,0,4,0,4,4,6.53653,0.0235785,6.50116,6.54832,5.90891,0.96736,5.03357,7.27212,
3.7,2,4,8,5,1.14007,0.0781793,1.09027,1.26884,5.3,2.68328,0.500009,6.5,0,0,0,0,7.6,3.1305,2,9,5.30107,2.68348,0.50072,6.50116,4.79814,1.4954,3.40857,7.30284,
3.7,3,2,8,4,1.36259,0.150379,1.21527,1.50098,6.5,0,6.5,6.5,0,0,0,0,9,0,9,9,6.50116,0,6.50116,6.50116,10.1095,2.98371,6.96214,12.6586,
3.7,5,3,8,5,1.22559,0.18344,0.910713,1.39286,4.1,3.28633,0.500009,6.5,0,0,0,0,9,0,9,9,4.10099,3.28658,0.50072,6.50116,12.6091,11.4757,3.90857,28.66,
3.7,14,5,8,3,2.10813,0.75,1.35813,2.85813,8.16667,2.88675,6.5,11.5,0,0,0,0,8.33333,1.1547,7,9,8.16783,2.88675,6.50116,11.5012,14.4026,6.57318,9.89071,21.9443,
3.7,9,5,9,0,0,0,0,0,0,0,0,0,0,0,0,0,0,0,0,0,0,0,0,0,0,0,0,0,
3.7,18,6,9,4,1.16145,0.151014,1.01884,1.35813,8.75,5.5,0.500009,11.5,0,0,0,0,4,0,4,4,8.75105,5.50022,0.50072,11.5012,5.89553,2.08753,2.89213,7.40857,
3.7,13,2,3,2,1.66071,0.53033,1.28571,2.03571,0.500009,0,0.500009,0.500009,0,0,0,0,6.5,3.53553,4,9,0.50072,0,0.50072,0.50072,35.035,34.3452,10.7493,59.3207,
3.7,16,5,3,6,1.36607,0.262385,1.10714,1.85714,0.500009,0,0.500009,0.500009,0,0,0,0,4.83333,2.04124,4,9,0.50072,0,0.50072,0.50072,6.59451,2.27561,2.64213,8.85642,
3.7,7,3,4,7,1.18877,0.204607,0.946427,1.44643,0.500009,0,0.500009,0.500009,0,0,0,0,11.1429,1.46385,9,12,0.50072,0,0.50072,0.50072,6.1957,5.02717,2.73141,14.5171,
3.7,8,2,4,0,0,0,0,0,0,0,0,0,0,0,0,0,0,0,0,0,0,0,0,0,0,0,0,0,
3.7,15,2,4,1,1.73214,0,1.73214,1.73214,0.500009,0,0.500009,0.500009,0,0,0,0,9,0,9,9,0.50072,0,0.50072,0.50072,61.9636,0,61.9636,61.9636,
3.7,17,6,4,6,1.1369,0.161573,0.92857,1.25,0.500009,0,0.500009,0.500009,0,0,0,0,11.5,1.22474,9,12,0.50072,0,0.50072,0.50072,2.77308,0.108718,2.67784,2.90998,
3.7,19,6,4,5,1.15714,0.209926,0.946427,1.42857,0.500009,0,0.500009,0.500009,0,0,0,0,11.4,1.34164,9,12,0.50072,0,0.50072,0.50072,14.8278,8.72388,7.89213,26.9636,
3.7,4,2,5,4,1.54935,0.289149,1.19741,1.85714,3.25001,5.5,0.500009,11.5,0,0,0,0,4.75,1.5,4,7,3.25083,5.50022,0.50072,11.5012,9.78463,4.76203,2.74785,13.2671,
3.7,10,4,5,5,1.40714,0.489429,1.07143,2.23214,0.500009,0,0.500009,0.500009,0,0,0,0,5,2.23607,4,9,0.50072,0,0.50072,0.50072,7.59213,8.25888,3.15998,22.3207,
3.7,6,3,6,6,1.25,0.221313,1.10714,1.53571,0.500009,0,0.500009,0.500009,0,0,0,0,5.66667,2.58199,4,9,0.50072,0,0.50072,0.50072,12.5171,13.5989,2.89213,33.6064,
3.7,11,3,6,7,1.3801,0.305093,1.03571,1.89286,0.500009,0,0.500009,0.500009,0,0,0,0,5.42857,2.43975,4,9,0.50072,0,0.50072,0.50072,6.48652,4.0817,2.90998,14.8386,
3.8,1,4,7,6,1.32241,0.221313,1.19741,1.75098,6.5,0,6.5,6.5,0,0,0,0,4,0,4,4,6.50116,0,6.50116,6.50116,3.03357,0.227565,2.89071,3.46214,
3.8,20,6,7,6,1.09935,0.00962385,1.09027,1.10813,6.5,0,6.5,6.5,0,0,0,0,4,0,4,4,6.54138,0.0337353,6.50116,6.58314,5.57653,0.625509,4.83714,6.25427,
3.8,2,4,8,6,1.09027,0,1.09027,1.09027,6.5,0,6.5,6.5,0,0,0,0,9,0,9,9,6.50116,0,6.50116,6.50116,3.82226,0.74543,2.90857,4.87285,
3.8,3,2,8,6,1.04265,0.102062,1.00098,1.25098,6.5,0,6.5,6.5,0,0,0,0,9,0,9,9,6.50116,0,6.50116,6.50116,9.3044,1.29517,7.17643,10.73,
3.8,5,3,8,6,1.31348,0.0584118,1.26884,1.42955,6.5,0,6.5,6.5,0,0,0,0,9,0,9,9,6.50116,0,6.50116,6.50116,4.89071,0.704667,3.89071,5.64071,
3.8,14,5,8,7,1.36833,0.324204,1.12598,2.07241,6.5,0,6.5,6.5,0,0,0,0,9,0,9,9,6.50116,0,6.50116,6.50116,5.52336,5.96617,2.78357,18.8907,
3.8,9,5,9,7,1.59198,0.560914,0.92857,2.17857,2.07144,4.15761,0.500009,11.5,0,0,0,0,4,0,4,4,2.07221,4.15778,0.50072,11.5012,158.086,72.0603,3.12285,210.821,
3.8,18,6,9,7,1.25098,0.198581,1.01884,1.6617,11.5,0,11.5,11.5,0,0,0,0,4,0,4,4,11.5012,0,11.5012,11.5012,4.56418,0.77363,3.67642,5.69428,
3.8,13,2,3,4,10.0446,8.35024,2.05357,20.5536,0.500009,0,0.500009,0.500009,0.9375,1.875,0,3.75,4,0,4,4,0.50072,0,0.50072,0.50072,32.0305,15.3136,15.3921,45.8743,
3.8,16,5,3,6,1.26488,0.0769441,1.17857,1.35714,0.500009,0,0.500009,0.500009,0,0,0,0,4,0,4,4,0.50072,0,0.50072,0.50072,3.22248,0.942597,2.73141,5.14213,
3.8,7,3,4,6,1.15178,0.241633,0.946427,1.44643,0.500009,0,0.500009,0.500009,0,0,0,0,12,0,12,12,0.50072,0,0.50072,0.50072,3.58856,1.44499,2.73141,6.49927,
3.8,8,2,4,0,0,0,0,0,0,0,0,0,0,0,0,0,0,0,0,0,0,0,0,0,0,0,0,0,
3.8,15,2,4,1,1.32143,0,1.32143,1.32143,0.500009,0,0.500009,0.500009,0,0,0,0,12,0,12,12,0.50072,0,0.50072,0.50072,11.1064,0,11.1064,11.1064,
3.8,17,6,4,6,1.08036,0.166274,0.92857,1.23214,0.500009,0,0.500009,0.500009,0,0,0,0,12,0,12,12,0.50072,0,0.50072,0.50072,2.70463,0.0293431,2.67784,2.73141,
3.8,19,6,4,7,1.19643,0.25,0.946427,1.44643,0.500009,0,0.500009,0.500009,0,0,0,0,12,0,12,12,0.50072,0,0.50072,0.50072,7.44825,5.23981,4.42784,19.1243,
3.8,4,2,5,8,5.31473,8.49322,1.16071,25.1964,0.50001,3.18198e-06,0.500009,0.500018,0.504463,1.41246,0,3.99999,4,0,4,4,0.50072,0,0.50072,0.50072,10.0908,1.5228,8.51713,12.7136,
3.8,10,4,5,7,1.10204,0.0502057,1.07143,1.21429,0.500009,0,0.500009,0.500009,0,0,0,0,4,0,4,4,0.50072,0,0.50072,0.50072,3.09366,0.574741,2.76713,4.39213,
3.8,6,3,6,6,1.0625,0.109352,0.839287,1.10714,0.500009,0,0.500009,0.500009,0,0,0,0,4,0,4,4,0.50072,0,0.50072,0.50072,14.2136,7.52157,6.15998,21.5707,
3.8,11,3,6,0,0,0,0,0,0,0,0,0,0,0,0,0,0,0,0,0,0,0,0,0,0,0,0,0,
3.9,1,4,7,6,1.25991,0.153093,1.19741,1.57241,6.5,0,6.5,6.5,0,0,0,0,4,0,4,4,6.50116,0,6.50116,6.50116,2.88773,0.0510306,2.78357,2.90857,
3.9,20,6,7,6,1.0992,0.00978068,1.09027,1.10813,6.5,0,6.5,6.5,0,0,0,0,4,0,4,4,6.54641,0.0238315,6.50116,6.56618,4.8901,0.445301,4.2007,5.33714,
3.9,2,4,8,7,1.09027,0,1.09027,1.09027,6.5,0,6.5,6.5,0,0,0,0,9,0,9,9,6.50116,0,6.50116,6.50116,3.04632,0.235487,2.90857,3.40857,
3.9,3,2,8,6,1.2867,0.180348,1.00098,1.48313,6.5,0,6.5,6.5,0,0,0,0,9,0,9,9,6.50116,0,6.50116,6.50116,11.8818,1.49061,9.98,13.9086,
3.9,5,3,8,6,1.36408,0.206608,1.05455,1.67955,6.5,0,6.5,6.5,0,0,0,0,9,0,9,9,6.50116,0,6.50116,6.50116,7.31631,0.869363,5.94428,8.03357,
3.9,14,5,8,7,1.29945,0.0954497,1.19741,1.37598,6.5,0,6.5,6.5,0,0,0,0,9,0,9,9,6.50116,0,6.50116,6.50116,3.15602,0.973306,2.73,5.355,
3.9,9,5,9,4,7.61706,12.698,1.12599,26.6617,11.5,0,11.5,11.5,0,0,0,0,4,0,4,4,11.513,0.0235785,11.5012,11.5483,19.1245,9.60963,8.8257,31.105,
3.9,18,6,9,6,1.10813,0.256298,0.750984,1.42955,11.5,0,11.5,11.5,0,0,0,0,4,0,4,4,11.5012,0,11.5012,11.5012,5.8669,0.838462,5.14071,7.33714,
3.9,13,2,3,2,6.65179,7.96758,1.01786,12.2857,0.500009,0,0.500009,0.500009,0,0,0,0,4,0,4,4,0.50072,0,0.50072,0.50072,50.9814,27.0216,31.8743,70.0886,
3.9,16,5,3,6,1.40179,0.249425,1.21429,1.80357,0.500009,0,0.500009,0.500009,0,0,0,0,4,0,4,4,0.50072,0,0.50072,0.50072,3.1957,1.02675,2.67784,5.28498,
3.9,7,3,4,7,1.18877,0.244162,0.946427,1.44643,0.500009,0,0.500009,0.500009,0,0,0,0,12,0,12,12,0.50072,0,0.50072,0.50072,6.80029,1.62697,3.89213,8.51713,
3.9,8,2,4,1,2.17857,0,2.17857,2.17857,0.500009,0,0.500009,0.500009,0,0,0,0,9,0,9,9,0.50072,0,0.50072,0.50072,399.66,0,399.66,399.66,
3.9,15,2,4,0,0,0,0,0,0,0,0,0,0,0,0,0,0,0,0,0,0,0,0,0,0,0,0,0,
3.9,17,6,4,7,1.05867,0.162267,0.92857,1.23214,0.500009,0,0.500009,0.500009,0,0,0,0,12,0,12,12,0.50072,0,0.50072,0.50072,2.70845,0.028636,2.67784,2.73141,
3.9,19,6,4,6,1.65476,0.102062,1.44643,1.69643,0.500009,0,0.500009,0.500009,0,0,0,0,12,0,12,12,0.50072,0,0.50072,0.50072,10.0022,5.52356,5.98141,20.8028,
3.9,4,2,5,5,1.29286,0.14038,1.17857,1.44643,0.500009,0,0.500009,0.500009,0,0,0,0,4,0,4,4,0.50072,0,0.50072,0.50072,12.16,1.38338,9.9457,13.7136,
3.9,10,4,5,6,1.19941,0.304812,1.07143,1.82143,0.500009,0,0.500009,0.500009,0,0,0,0,4,0,4,4,0.50072,0,0.50072,0.50072,8.16296,7.82771,3.14213,23.8207,
3.9,6,3,6,6,1.36012,0.364113,1,1.76786,0.500009,0,0.500009,0.500009,0,0,0,0,4,0,4,4,0.50072,0,0.50072,0.50072,8.91296,1.14483,7.21356,10.3743,
3.9,11,3,6,12,1.68601,0.433311,1.07143,2.28571,0.500009,0,0.500009,0.500009,0,0,0,0,4,0,4,4,0.50072,0,0.50072,0.50072,64.4784,39.3517,8.15998,133.285,
4,5,3,7,5,1.20813,0.106096,1.01884,1.26884,6.5,0,6.5,6.5,0,0,0,0,9,0,9,9,6.50116,0,6.50116,6.50116,3.44428,1.21789,2.89071,5.62285,
4,7,6,7,3,1.31051,0.0983487,1.19741,1.37598,6.5,0,6.5,6.5,0,0,0,0,9,0,9,9,6.50116,0,6.50116,6.50116,22.7836,12.0003,12.3729,35.9086,
4,8,4,7,0,0,0,0,0,0,0,0,0,0,0,0,0,0,0,0,0,0,0,0,0,0,0,0,0,
4,15,5,7,0,0,0,0,0,0,0,0,0,0,0,0,0,0,0,0,0,0,0,0,0,0,0,0,0,
4,3,2,8,7,1.49588,0.353661,1.00098,1.98313,6.5,0,6.5,6.5,0,0,0,0,11.1429,1.46385,9,12,6.50116,0,6.50116,6.50116,6.94939,3.07135,2.76571,10.5871,
4,6,3,8,5,1.29364,0.122499,1.125,1.4117,5.3,2.68328,0.500009,6.5,0,0,0,0,10.4,3.57771,4,12,5.30107,2.68348,0.50072,6.50116,3.56242,1.69347,2.73,6.58856,
4,11,3,8,5,1.04722,0.0540219,1.01884,1.14286,5.3,2.68328,0.500009,6.5,0,0,0,0,10.4,3.57771,4,12,5.30107,2.68348,0.50072,6.50116,5.08742,0.860158,3.90857,6.3207,
4,17,6,8,3,1.1617,0.125,1.0367,1.2867,6.5,0,6.5,6.5,0,0,0,0,12,0,12,12,6.5326,0.0325597,6.50116,6.56618,10.5855,0.286944,10.3907,10.915,
4,18,6,8,4,1.26438,0.151083,1.10813,1.44741,7.75,2.5,6.5,11.5,0,0,0,0,10,4,4,12,7.75116,2.5,6.50116,11.5012,8.80589,1.10785,7.44428,9.89071,
4,19,2,9,1,1.25098,0,1.25098,1.25098,11.5,0,11.5,11.5,0,0,0,0,2,0,2,2,11.5012,0,11.5012,11.5012,5.17642,0,5.17642,5.17642,
4,9,4,2,5,3.53629,4.03311,1.12599,10.6626,4.90001,6.02494,0.500009,11.5,1.10696,1.74817,0,3.99911,5.8,1.64317,4,7,4.9009,6.02519,0.50072,11.5012,21.1523,9.83349,12.9457,37.105,
4,13,5,2,0,0,0,0,0,0,0,0,0,0,0,0,0,0,0,0,0,0,0,0,0,0,0,0,0,
4,16,5,2,6,1.40476,0.218315,1.05357,1.60714,0.500009,0,0.500009,0.500009,0,0,0,0,6.5,1.22474,4,7,0.50072,0,0.50072,0.50072,10.8653,1.83638,7.14213,11.9993,
4,1,4,4,5,1.43928,0.553082,1.17857,2.42857,0,0,0,0,0,0,0,0,4,0,4,4,0,0,0,0,12.5929,0.74738,11.625,13.4286,
4,10,4,4,4,1.58482,0.234818,1.39286,1.89286,0,0,0,0,0,0,0,0,4,0,4,4,0,0,0,0,22.5938,3.23418,18.3393,25.4643,
4,2,4,5,5,1.23571,0.260127,0.946427,1.66071,0.500009,0,0.500009,0.500009,0,0,0,0,4,0,4,4,0.50072,0,0.50072,0.50072,16.5457,4.52976,11.8386,22.5886,
4,14,5,5,1,1.30357,0,1.30357,1.30357,0,0,0,0,0,0,0,0,4,0,4,4,0,0,0,0,68.7143,0,68.7143,68.7143,
4,4,2,6,6,1.40178,0.265765,1.16071,1.91071,0.500009,0,0.500009,0.500009,0,0,0,0,4,0,4,4,0.50072,0,0.50072,0.50072,5.91296,2.38307,3.37427,9.85642,
4,20,6,6,4,1.46875,0.415826,1.05357,1.94643,0,0,0,0,0,0,0,0,4,0,4,4,0,0,0,0,25.5982,8.56261,17.8929,36.25,
4.1,5,3,7,6,1.52182,0.368119,1.25098,2.17955,6.5,0,6.5,6.5,0,0,0,0,9,0,9,9,6.50116,0,6.50116,6.50116,5.39964,1.64692,2.90857,6.90857,
4.1,7,6,7,1,1.12598,0,1.12598,1.12598,6.5,0,6.5,6.5,0,0,0,0,9,0,9,9,6.50116,0,6.50116,6.50116,39.4264,0,39.4264,39.4264,
4.1,8,4,7,7,3.57398,5.78479,1.14286,16.6786,0.500009,0,0.500009,0.500009,1.38776,3.06822,0,8.23214,9,0,9,9,0.50072,0,0.50072,0.50072,519.31,10.1736,510.856,534.839,
4.1,15,5,7,0,0,0,0,0,0,0,0,0,0,0,0,0,0,0,0,0,0,0,0,0,0,0,0,0,
4.1,3,2,8,6,1.1617,0.0696194,1.07241,1.21527,6.5,0,6.5,6.5,0,0,0,0,12,0,12,12,6.50116,0,6.50116,6.50116,6.69131,0.482529,5.81928,7.19428,
4.1,6,3,8,6,1.65574,0.489386,1.1617,2.37598,6.5,0,6.5,6.5,0,0,0,0,12,0,12,12,6.50116,0,6.50116,6.50116,9.21214,6.54525,2.73,21.3907,
4.1,11,3,8,6,1.20932,0.391828,1.01884,2.00098,6.5,0,6.5,6.5,0,0,0,0,12,0,12,12,6.50116,0,6.50116,6.50116,10.7508,8.00294,4.40857,20.9621,
4.1,17,6,8,7,1.20251,0.110903,1.01884,1.2867,6.5,0,6.5,6.5,0,0,0,0,12,0,12,12,6.50116,0,6.50116,6.50116,6.6152,2.3503,4.19428,9.94428,
4.1,18,6,8,7,1.27904,0.0932773,1.17956,1.35813,6.5,0,6.5,6.5,0,0,0,0,12,0,12,12,6.50116,0,6.50116,6.50116,5.62285,2.2407,3.06928,8.39071,
4.1,19,2,9,3,1.39384,0.128769,1.25098,1.50098,11.5,0,11.5,11.5,0,0,0,0,2,0,2,2,11.5012,0,11.5012,11.5012,32.6883,8.25603,25.98,41.9086,
4.1,9,4,2,7,1.43112,0.314649,1.03571,1.78571,0.500009,0,0.500009,0.500009,0,0,0,0,7,0,7,7,0.50072,0,0.50072,0.50072,9.8105,1.94885,7.64213,12.9278,
4.1,13,5,2,9,1.85317,0.537184,1.01786,2.75,0.500009,0,0.500009,0.500009,0,0,0,0,4.66667,1.32288,4,7,0.50072,0,0.50072,0.50072,154.426,89.1174,2.98141,237.053,
4.1,16,5,2,7,1.57653,0.932325,1.05357,3.58928,0.500009,0,0.500009,0.500009,0,0,0,0,7,0,7,7,0.50072,0,0.50072,0.50072,5.9457,2.77516,2.73141,10.3564,
4.1,1,4,4,7,1.22449,0.220123,0.946427,1.67857,0,0,0,0,0,0,0,0,4,0,4,4,0,0,0,0,10.7526,1.30253,9.42857,13.1429,
4.1,10,4,4,8,1.72768,0.41196,1.16071,2.16071,0,0,0,0,0,0,0,0,4,0,4,4,0,0,0,0,13.846,6.14922,9.39286,26.0893,
4.1,2,4,5,7,1.2602,0.121489,1.17857,1.44643,0.500009,0,0.500009,0.500009,0,0,0,0,4,0,4,4,0.50072,0,0.50072,0.50072,10.7238,1.04663,9.71356,12.6064,
4.1,14,5,5,10,2.75893,4.81931,1.03571,16.4643,0,0,0,0,0.325,1.02774,0,3.25,4,0,4,4,0,0,0,0,27.8696,25.5336,2.82143,72.8214,
4.1,4,2,6,6,1.41667,0.115543,1.26786,1.625,0.500009,0,0.500009,0.500009,0,0,0,0,4,0,4,4,0.50072,0,0.50072,0.50072,3.36832,1.47361,2.73141,6.37427,
4.1,20,6,6,8,1.08482,0.0976909,0.892856,1.19643,0,0,0,0,0,0,0,0,4,0,4,4,0,0,0,0,14.6741,14.4648,2.83928,36.625,
4.2,5,3,7,7,1.28415,0.0767569,1.17955,1.42955,6.5,0,6.5,6.5,0,0,0,0,9,0,9,9,6.50116,0,6.50116,6.50116,5.6152,1.50594,2.73,7.21214,
4.2,7,6,7,12,4.56497,7.6423,1.10813,26.876,6.5,0,6.5,6.5,1.92411,3.8924,0,11.6607,9,0,9,9,6.50369,0.00843604,6.50116,6.53046,64.5876,33.8369,11.355,128.069,
4.2,8,4,7,6,13.4702,11.649,1.16071,27.9286,0.500009,0,0.500009,0.500009,3.53869,5.52737,0,11.7321,11,1.54919,9,12,0.50072,0,0.50072,0.50072,495.913,17.1156,473.374,512.66,
4.2,15,5,7,0,0,0,0,0,0,0,0,0,0,0,0,0,0,0,0,0,0,0,0,0,0,0,0,0,
4.2,3,2,8,6,1.09325,0.114852,0.96527,1.19741,6.5,0,6.5,6.5,0,0,0,0,12,0,12,12,6.50116,0,6.50116,6.50116,7.01274,0.673138,5.99785,7.78357,
4.2,6,3,8,6,1.60813,0.290584,1.37598,2.14384,6.5,0,6.5,6.5,0,0,0,0,12,0,12,12,6.50116,0,6.50116,6.50116,6.75381,1.91679,4.14071,9.81928,
4.2,11,3,8,5,1.10455,0.120055,1.01884,1.26884,6.5,0,6.5,6.5,0,0,0,0,12,0,12,12,6.50116,0,6.50116,6.50116,6.36214,1.07445,5.17642,7.94428,
4.2,17,6,8,6,1.24206,0.158416,1.0367,1.50098,6.5,0,6.5,6.5,0,0,0,0,12,0,12,12,6.50116,0,6.50116,6.50116,5.88476,1.68682,3.24785,7.49785,
4.2,18,6,8,6,1.28089,0.201265,1.09027,1.60902,6.5,0,6.5,6.5,0,0,0,0,12,0,12,12,6.51483,0.033469,6.50116,6.58314,5.15666,2.1157,2.74785,7.46214,
4.2,19,2,9,1,1.17955,0,1.17955,1.17955,11.5,0,11.5,11.5,0,0,0,0,2,0,2,2,11.5012,0,11.5012,11.5012,141.248,0,141.248,141.248,
4.2,9,4,2,6,1.54167,0.407779,1.05357,2.03571,0.500009,0,0.500009,0.500009,0,0,0,0,7,0,7,7,0.50072,0,0.50072,0.50072,11.3386,1.41209,9.12427,12.8028,
4.2,13,5,2,6,1.40476,0.326286,1.01786,1.89286,0.500009,0,0.500009,0.500009,0,0,0,0,7,0,7,7,0.50072,0,0.50072,0.50072,10.9665,4.14756,2.90998,14.1243,
4.2,16,5,2,6,1.22917,0.194443,1.05357,1.57143,0.500009,0,0.500009,0.500009,0,0,0,0,7,0,7,7,0.50072,0,0.50072,0.50072,9.60641,3.15937,3.42784,12.2136,
4.2,1,4,4,6,1.13988,0.104379,0.92857,1.19643,0,0,0,0,0,0,0,0,4,0,4,4,0,0,0,0,11.4554,0.805969,10.6429,12.4107,
4.2,10,4,4,5,1.39643,0.431242,1.10714,2.14286,0,0,0,0,0,0,0,0,4,0,4,4,0,0,0,0,13.3464,1.16343,11.75,14.5,
4.2,2,4,5,6,1.19345,0.158282,0.946427,1.44643,0.500009,0,0.500009,0.500009,0,0,0,0,4,0,4,4,0.50072,0,0.50072,0.50072,11.3772,0.597979,10.5886,11.9636,
4.2,14,5,5,4,8.13839,10.1109,1.30357,22.8036,0,0,0,0,0.977678,1.95536,0,3.91071,4,0,4,4,0,0,0,0,25.0804,13.4697,11.2143,42.8393,
4.2,4,2,6,6,1.43452,0.102062,1.39286,1.64286,0.500009,0,0.500009,0.500009,0,0,0,0,4,0,4,4,0.50072,0,0.50072,0.50072,5.33558,1.65189,3.01713,7.87427,
4.2,20,6,6,7,1.26275,0.291006,1.05357,1.91071,0,0,0,0,0,0,0,0,4,0,4,4,0,0,0,0,4.18367,1.53989,2.76786,6.33929,
4.3,3,2,7,1,1.00098,0,1.00098,1.00098,6.5,0,6.5,6.5,0,0,0,0,12,0,12,12,6.50116,0,6.50116,6.50116,87.6764,0,87.6764,87.6764,
4.3,16,5,7,4,1.3177,0.196231,1.07143,1.50098,5,3,0.500009,6.5,0,0,0,0,7,0,7,7,5.00105,3.00022,0.50072,6.50116,8.08749,0.249203,7.89213,8.42643,
4.3,19,6,7,10,1.28491,0.178462,1.14384,1.67955,11,1.58114,6.5,11.5,0,0,0,0,2.5,1.58114,2,7,11.0012,1.58114,6.50116,11.5012,88.805,41.7017,2.89071,138.748,
4.3,4,2,8,4,1.42931,0.362477,1.1617,1.94741,5,3,0.500009,6.5,0,0,0,0,4,0,4,4,5.00105,3.00022,0.50072,6.50116,18.1455,9.40205,4.98141,26.4443,
4.3,5,3,8,5,1.2867,0.110079,1.10813,1.35813,6.5,0,6.5,6.5,0,0,0,0,5,2.23607,4,9,6.51059,0.0210893,6.50116,6.54832,5.47771,1.59447,4.59356,8.31928,
4.3,1,2,9,0,0,0,0,0,0,0,0,0,0,0,0,0,0,0,0,0,0,0,0,0,0,0,0,0,
4.3,14,5,9,4,1.29018,0.189754,1.05357,1.51786,0,0,0,0,0,0,0,0,4,0,4,4,0,0,0,0,45.2366,3.14432,41.9286,48.125,
4.3,20,6,9,3,1.71527,0.556731,1.39384,2.35813,11.5,0,11.5,11.5,0,0,0,0,7,0,7,7,11.5012,0,11.5012,11.5012,4.88476,3.31472,2.94428,8.71214,
4.3,9,4,2,7,1.24235,0.241095,1.125,1.76786,0.500009,0,0.500009,0.500009,0,0,0,0,7,0,7,7,0.50072,0,0.50072,0.50072,4.09876,2.78319,2.76713,10.3921,
4.3,13,5,2,6,1.36607,0.314762,1.14286,1.91071,0.500009,0,0.500009,0.500009,0,0,0,0,7,0,7,7,0.50072,0,0.50072,0.50072,12.0796,1.16435,10.4278,13.66,
4.3,18,6,2,5,1.23234,0.120046,1.08929,1.35813,1.70001,2.68328,0.500009,6.5,0,0,0,0,8,2.23607,7,12,1.70081,2.68348,0.50072,6.50116,4.86327,1.20452,3.53498,6.24927,
4.3,11,5,3,3,1.73875,0.46889,1.19741,2.01786,4.5,3.4641,0.500009,6.5,0,0,0,0,8.66667,5.7735,2,12,4.50101,3.46436,0.50072,6.50116,20.7959,15.8482,5.49785,37.1421,
4.3,2,2,4,0,0,0,0,0,0,0,0,0,0,0,0,0,0,0,0,0,0,0,0,0,0,0,0,0,
4.3,6,6,4,3,16.3039,8.45015,9.875,25.875,2.50001,3.46409,0.500009,6.5,4,6.9282,0,12,12,0,12,12,2.50087,3.46436,0.50072,6.50116,11.1119,7.34901,5.24927,19.3564,
4.3,7,3,4,4,1.43775,0.336308,0.96527,1.67857,2.00001,3,0.500009,6.5,0,0,0,0,11.25,1.5,9,12,2.00083,3.00022,0.50072,6.50116,8.23106,2.1181,6.14213,10.7657,
4.3,8,3,4,17,8.8855,9.26944,0.946427,26.9464,0.500012,4.22701e-06,0.500009,0.500018,7.17647,6.69204,0,17.5179,12,0,12,12,0.50072,0,0.50072,0.50072,356.97,193.274,2.73141,534.41,
4.3,15,2,4,0,0,0,0,0,0,0,0,0,0,0,0,0,0,0,0,0,0,0,0,0,0,0,0,0,
4.3,10,2,5,1,2.14286,0,2.14286,2.14286,0,0,0,0,0,0,0,0,4,0,4,4,0,0,0,0,14.4643,0,14.4643,14.4643,
4.3,17,6,5,6,1.39004,0.106966,1.17857,1.48313,1.50001,2.44949,0.500009,6.5,0,0,0,0,5.33333,3.26599,4,12,1.50079,2.44967,0.50072,6.50116,5.44546,3.89457,2.73141,12.9457,
4.4,3,2,7,3,10.0129,14.6508,1.42955,26.9296,6.5,0,6.5,6.5,0,0,0,0,7,0,7,7,6.52283,0.0375359,6.50116,6.56618,15.1428,0.232592,14.8793,15.3193,
4.4,16,5,7,7,1.2816,0.173963,0.983127,1.50098,6.5,0,6.5,6.5,0,0,0,0,7,0,7,7,6.50116,0,6.50116,6.50116,7.35755,2.27638,4.48,10.9086,
4.4,19,6,7,6,1.31646,0.163923,1.05455,1.57241,6.5,0,6.5,6.5,0,0,0,0,7,0,7,7,6.50116,0,6.50116,6.50116,13.4621,5.69078,3.48,17.8193,
4.4,4,2,8,6,3.98327,6.2305,1.19741,16.6974,6.5,0,6.5,6.5,0,0,0,0,4,0,4,4,6.515,0.033386,6.50116,6.58314,24.5374,3.95273,16.5693,27.0693,
4.4,5,3,8,7,1.26119,0.0909698,1.17956,1.35813,6.5,0,6.5,6.5,0,0,0,0,4,0,4,4,6.51372,0.023752,6.50116,6.56618,3.41897,0.859973,2.73,4.62927,
4.4,1,2,9,0,0,0,0,0,0,0,0,0,0,0,0,0,0,0,0,0,0,0,0,0,0,0,0,0,
4.4,14,5,9,7,1.33262,0.205385,1.09027,1.59027,11.5,0,11.5,11.5,0,0,0,0,7,0,7,7,11.5012,0,11.5012,11.5012,6.87796,3.1733,3.62285,13.1586,
4.4,20,6,9,1,1.39384,0,1.39384,1.39384,11.5,0,11.5,11.5,0,0,0,0,7,0,7,7,11.5012,0,11.5012,11.5012,91.9443,0,91.9443,91.9443,
4.4,9,4,2,6,1.56548,0.535317,1.125,2.55357,0.500009,0,0.500009,0.500009,0,0,0,0,7,0,7,7,0.50072,0,0.50072,0.50072,17.9755,8.93023,8.71356,27.6778,
4.4,13,5,2,7,1.22959,0.145594,1.01786,1.42857,0.500009,0,0.500009,0.500009,0,0,0,0,7,0,7,7,0.50072,0,0.50072,0.50072,7.82835,3.25258,4.15998,13.3743,
4.4,18,6,2,6,1.13988,0.106795,1.08929,1.35714,0.500009,0,0.500009,0.500009,0,0,0,0,7,0,7,7,0.50072,0,0.50072,0.50072,10.6451,2.9831,6.74927,13.3743,
4.4,11,5,3,11,1.41558,0.341262,1,2,0.500009,0,0.500009,0.500009,0,0,0,0,2,0,2,2,0.50072,0,0.50072,0.50072,49.7915,26.6767,4.15998,84.6421,
4.4,2,2,4,4,1.36161,0.164554,1.19643,1.58929,0.500009,0,0.500009,0.500009,0,0,0,0,10,4,4,12,0.50072,0,0.50072,0.50072,38.477,49.6466,12.16,112.928,
4.4,6,6,4,5,7.025,9.37754,1.23214,23.125,0.500009,0,0.500009,0.500009,10.25,6.30262,0,16.6429,12,0,12,12,0.50072,0,0.50072,0.50072,27.385,12.7392,13.6243,45.3207,
4.4,7,3,4,7,4.62755,7.51621,0.92857,21.3036,0.50001,3.40168e-06,0.500009,0.500018,5.19388,5.56197,0,12.0536,12,0,12,12,0.50072,0,0.50072,0.50072,2.88703,0.173351,2.73141,3.26713,
4.4,8,3,4,8,1.04241,0.151503,0.785714,1.19643,0.50001,3.18198e-06,0.500009,0.500018,27.9576,11.4004,10.0179,45.75,12,0,12,12,0.50072,0,0.50072,0.50072,3.14436,0.781205,2.71356,4.40999,
4.4,15,2,4,0,0,0,0,0,0,0,0,0,0,0,0,0,0,0,0,0,0,0,0,0,0,0,0,0,
4.4,10,2,5,0,0,0,0,0,0,0,0,0,0,0,0,0,0,0,0,0,0,0,0,0,0,0,0,0,
4.4,17,6,5,6,1.41964,0.277275,1.16071,1.67857,0.500009,0,0.500009,0.500009,0,0,0,0,4,0,4,4,0.50072,0,0.50072,0.50072,10.8118,3.91197,3.26713,13.4814,
4.5,3,2,7,7,2.79945,3.70437,1.12598,11.1617,6.5,0,6.5,6.5,2.03827,3.48741,0,7.5,7,0,7,7,6.50116,0,6.50116,6.50116,26.8984,9.98524,11.355,39.4264,
4.5,16,5,7,6,1.24801,0.00729009,1.23313,1.25098,6.5,0,6.5,6.5,0,0,0,0,7,0,7,7,6.50116,0,6.50116,6.50116,4.81035,1.11836,3.39071,6.46214,
4.5,19,6,7,7,1.27394,0.274077,1.0367,1.82241,6.5,0,6.5,6.5,0,0,0,0,7,0,7,7,6.50116,0,6.50116,6.50116,13.5081,2.93584,7.83714,15.9443,
4.5,4,2,8,7,5.22573,8.22074,1.17955,23.1796,6.5,0,6.5,6.5,1.07385,1.83921,0,3.99911,4,0,4,4,6.51317,0.0308581,6.50116,6.58314,22.9372,8.30578,10.6932,32.5578,
4.5,5,3,8,6,1.23908,0.0922132,1.17956,1.35813,6.5,0,6.5,6.5,0,0,0,0,4,0,4,4,6.52069,0.0370607,6.50116,6.59547,3.40689,0.953306,2.73,4.64071,
4.5,1,2,9,2,1.29513,0.139592,1.19643,1.39384,5.75,8.13173,0,11.5,0,0,0,0,5.5,2.12132,4,7,5.75058,8.13255,0,11.5012,115.267,149.454,9.58714,220.946,
4.5,14,5,9,6,1.31646,0.102062,1.10813,1.35813,11.5,0,11.5,11.5,0,0,0,0,7,0,7,7,11.5012,0,11.5012,11.5012,3.24785,0.506085,2.71214,4.14071,
4.5,20,6,9,5,1.97241,0.572627,1.39384,2.87598,11.5,0,11.5,11.5,0,0,0,0,7,0,7,7,11.5012,0,11.5012,11.5012,116.944,8.08788,104.659,124.944,
4.5,9,4,2,1,1.05357,0,1.05357,1.05357,0.500009,0,0.500009,0.500009,0,0,0,0,7,0,7,7,0.50072,0,0.50072,0.50072,86.7493,0,86.7493,86.7493,
4.5,13,5,2,6,1.02083,0.00729009,1.01786,1.03571,0.500009,0,0.500009,0.500009,0,0,0,0,7,0,7,7,0.50072,0,0.50072,0.50072,5.84748,0.820399,4.87427,6.89213,
4.5,18,6,2,7,1.42347,0.403892,1.08929,2.10714,0.500009,0,0.500009,0.500009,0,0,0,0,7,0,7,7,0.50072,0,0.50072,0.50072,11.3845,2.48984,5.98141,13.3743,
4.5,11,5,3,6,1.33929,0.29688,1.08929,1.92857,0.500009,0,0.500009,0.500009,0,0,0,0,2,0,2,2,0.50072,0,0.50072,0.50072,3.26713,0.468796,2.6957,3.76713,
4.5,2,2,4,7,1.53316,0.338412,1.07143,2.08928,0.500009,0,0.500009,0.500009,0,0,0,0,12,0,12,12,0.50072,0,0.50072,0.50072,13.2289,3.33045,8.49927,17.8386,
4.5,6,6,4,1,29.125,0,29.125,29.125,0.500009,0,0.500009,0.500009,0,0,0,0,12,0,12,12,0.50072,0,0.50072,0.50072,87.8564,0,87.8564,87.8564,
4.5,7,3,4,6,1.11309,0.214484,0.92857,1.42857,0.500009,0,0.500009,0.500009,0,0,0,0,12,0,12,12,0.50072,0,0.50072,0.50072,2.6957,0.0648786,2.5707,2.73141,
4.5,8,3,4,9,1.03175,0.114263,0.875001,1.19643,0.500009,0,0.500009,0.500009,61.5456,11.7036,42.1786,77.9286,12,0,12,12,0.50072,0,0.50072,0.50072,3.12626,0.732766,2.71356,4.40999,
4.5,15,2,4,0,0,0,0,0,0,0,0,0,0,0,0,0,0,0,0,0,0,0,0,0,0,0,0,0,
4.5,10,2,5,0,0,0,0,0,0,0,0,0,0,0,0,0,0,0,0,0,0,0,0,0,0,0,0,0,
4.5,17,6,5,6,1.16964,0.152676,0.92857,1.41071,0.500009,0,0.500009,0.500009,0,0,0,0,4,0,4,4,0.50072,0,0.50072,0.50072,12.0796,1.24656,9.74927,13.3564,
4.6,2,4,7,1,1.78571,0,1.78571,1.78571,0.500009,0,0.500009,0.500009,0,0,0,0,12,0,12,12,0.50072,0,0.50072,0.50072,66.9814,0,66.9814,66.9814,
4.6,5,3,7,4,1.21973,0.0267855,1.17956,1.23313,6.5,0,6.5,6.5,0,0,0,0,6.25,1.5,4,7,6.50116,0,6.50116,6.50116,6.92643,2.46226,4.76571,9.81928,
4.6,19,2,7,6,1.3492,0.370251,1.0367,2.05456,6.5,0,6.5,6.5,0,0,0,0,7,0,7,7,6.5845,0.204129,6.50116,7.00117,8.01273,3.0773,3.98,13.0871,
4.6,17,6,8,5,1.2115,0.0823707,1.09027,1.26884,5.3,2.68328,0.500009,6.5,0,0,0,0,2.4,0.894427,2,4,5.30107,2.68348,0.50072,6.50116,3.84457,1.85454,2.94428,7.15999,
4.6,3,2,9,5,5.32616,7.48428,1.2867,18.6796,8.5,2.73861,6.5,11.5,1.39982,3.1301,0,6.99911,5,2.73861,2,7,8.50137,2.73842,6.50116,11.5012,11.6941,6.82857,3.48,18.6397,
4.6,10,3,2,0,0,0,0,0,0,0,0,0,0,0,0,0,0,0,0,0,0,0,0,0,0,0,0,0,
4.6,4,2,3,6,1.39004,0.320843,0.947411,1.78571,1.50001,2.44949,0.500009,6.5,0,0,0,0,6.5,1.22474,4,7,1.50079,2.44967,0.50072,6.50116,7.49011,2.89939,3.87427,11.9621,
4.6,7,3,3,6,1.16964,0.163955,0.910713,1.42857,0.0833348,0.204128,0,0.500009,0,0,0,0,7.83333,2.04124,7,12,0.0834533,0.204418,0,0.50072,5.735,1.83997,2.73141,7.85714,
4.6,18,6,3,6,1.14881,0.124573,1.07143,1.35714,0.500009,0,0.500009,0.500009,0,0,0,0,7,0,7,7,0.50072,0,0.50072,0.50072,3.86237,0.640538,2.73141,4.73141,
4.6,9,2,4,6,1.44345,0.274888,1.30357,2,0.500009,0,0.500009,0.500009,0,0,0,0,7,0,7,7,0.50072,0,0.50072,0.50072,111.249,19.0376,84.5528,136.142,
4.6,11,4,4,5,1.41071,0.0418792,1.375,1.48214,0,0,0,0,0,0,0,0,9,0,9,9,0,0,0,0,22.7714,16.3495,3.41071,40.9286,
4.6,13,5,4,6,1.22619,0.155948,1.01786,1.41071,0.500009,0,0.500009,0.500009,0,0,0,0,8.66667,0.816497,7,9,0.50072,0,0.50072,0.50072,7.75522,1.0494,5.87427,8.67784,
4.6,14,5,4,5,1.46091,0.39671,0.982143,1.98214,2.70001,4.91935,0.500009,11.5,0,0,0,0,8.6,0.894427,7,9,2.70081,4.91955,0.50072,11.5012,8.75613,5.73485,5.85642,18.9979,
4.6,6,3,5,0,0,0,0,0,0,0,0,0,0,0,0,0,0,0,0,0,0,0,0,0,0,0,0,0,
4.6,15,5,5,16,4.86272,7.34361,1.05357,26.5714,0.50001,2.25e-06,0.500009,0.500018,4.15848,5.99846,0,16.75,12,0,12,12,0.50072,0,0.50072,0.50072,676.285,160.994,348.66,824.499,
4.6,16,5,5,6,1.20254,0.0247825,1.17857,1.25098,1.08333,2.65361,0,6.5,0,0,0,0,7,0,7,7,1.08353,2.65409,0,6.50116,6.72286,0.980946,4.89071,7.48214,
4.6,1,2,6,6,1.53885,0.302196,1.17857,1.92857,2.33334,4.49073,0.500009,11.5,0,0,0,0,7,0,7,7,2.33413,4.49091,0.50072,11.5012,7.26392,2.73724,3.24927,10.7479,
4.6,8,3,6,5,1.23928,0.201081,0.946427,1.44643,0.500009,0,0.500009,0.500009,0,0,0,0,7,0,7,7,0.50072,0,0.50072,0.50072,6.34213,0.888776,4.89213,7.10642,
4.6,20,6,6,11,1.34478,0.276491,1.14384,2.12598,7.31818,5.80204,0,11.5,0,0,0,0,7,0,7,7,7.32321,5.80604,0,11.5483,41.6421,38.5821,3.625,103.712,
4.7,2,4,7,6,1.19146,0.10017,1.14384,1.39384,6.5,0,6.5,6.5,0,0,0,0,7,0,7,7,6.50116,0,6.50116,6.50116,4.4294,0.561341,3.90857,5.40857,
4.7,5,3,7,6,1.27479,0.085764,1.21527,1.44741,6.5,0,6.5,6.5,0,0,0,0,7,0,7,7,6.50116,0,6.50116,6.50116,8.4175,1.97977,5.46214,10.6943,
4.7,19,2,7,0,0,0,0,0,0,0,0,0,0,0,0,0,0,0,0,0,0,0,0,0,0,0,0,0,
4.7,17,6,8,6,1.26884,0,1.26884,1.26884,6.5,0,6.5,6.5,0,0,0,0,2,0,2,2,6.50116,0,6.50116,6.50116,2.94428,0,2.94428,2.94428,
4.7,3,2,9,7,1.29435,0.340826,1.0367,2.0367,11.5,0,11.5,11.5,0,0,0,0,2,0,2,2,11.5012,0,11.5012,11.5012,3.58714,0.810092,2.98,4.90857,
4.7,10,3,2,0,0,0,0,0,0,0,0,0,0,0,0,0,0,0,0,0,0,0,0,0,0,0,0,0,
4.7,4,2,3,6,1.40476,0.137241,1.26786,1.53571,0.500009,0,0.500009,0.500009,0,0,0,0,7,0,7,7,0.50072,0,0.50072,0.50072,3.98141,1.50013,2.73141,6.23141,
4.7,7,3,3,6,1.17559,0.0175569,1.14286,1.19643,0,0,0,0,0,0,0,0,7,0,7,7,0,0,0,0,9.28571,2.40132,6,11.3393,
4.7,18,6,3,7,1.07143,0,1.07143,1.07143,0.500009,0,0.500009,0.500009,0,0,0,0,7,0,7,7,0.50072,0,0.50072,0.50072,3.92784,0,3.92784,3.92784,
4.7,9,2,4,5,12.5357,15.0582,1.03571,35.7857,0.500014,8.04984e-06,0.500009,0.500027,8.14999,8.09243,0,18,9,0,9,9,0.50072,0,0.50072,0.50072,6.9457,2.0722,4.12427,9.65999,
4.7,11,4,4,6,1.27679,0.100857,1.23214,1.48214,0,0,0,0,0,0,0,0,9,0,9,9,0,0,0,0,7.53571,6.28129,3.66071,20.1607,
4.7,13,5,4,6,1.22619,0.109885,1.14286,1.44643,0.500009,0,0.500009,0.500009,0,0,0,0,9,0,9,9,0.50072,0,0.50072,0.50072,8.74332,0.461208,8.21356,9.39213,
4.7,14,5,4,5,1.37143,0.228474,1.19643,1.73214,0.500009,0,0.500009,0.500009,0,0,0,0,9,0,9,9,0.50072,0,0.50072,0.50072,9.05641,1.70526,6.17784,10.6064,
4.7,6,3,5,4,4.73661,5.59671,1.625,13.125,0.500011,4.5e-06,0.500009,0.500018,14.3884,3.63376,11.0357,19.0179,12,0,12,12,0.50072,0,0.50072,0.50072,253.102,12.1888,239.339,268.928,
4.7,15,5,5,16,2.46875,2.77512,1.05357,12.7679,0.468758,0.125002,0,0.500009,0.590402,1.77223,0,6.73214,11.6875,1.25,7,12,0.469425,0.12518,0,0.50072,242.994,79.9782,5.73214,339.392,
4.7,16,5,5,6,1.22619,0.0995312,1.17857,1.42857,0,0,0,0,0,0,0,0,7,0,7,7,0,0,0,0,8.60417,0.690351,7.69643,9.35714,
4.7,1,2,6,6,1.25893,0.210002,0.910713,1.42857,0.500009,0,0.500009,0.500009,0,0,0,0,7,0,7,7,0.50072,0,0.50072,0.50072,5.06772,2.05484,2.99927,7.92784,
4.7,8,3,6,6,1.27083,0.129469,1.17857,1.44643,0.500009,0,0.500009,0.500009,0,0,0,0,7,0,7,7,0.50072,0,0.50072,0.50072,9.51713,1.79817,6.48141,10.9636,
4.7,20,6,6,7,1.21429,0,1.21429,1.21429,0,0,0,0,0,0,0,0,7,0,7,7,0,0,0,0,3.61224,0.0337466,3.53571,3.625,
4.8,2,4,7,7,1.14384,0,1.14384,1.14384,6.5,0,6.5,6.5,0,0,0,0,7,0,7,7,6.50116,0,6.50116,6.50116,3.03867,0.344218,2.90857,3.81928,
4.8,5,3,7,6,1.18551,0.109885,0.96527,1.25098,6.5,0,6.5,6.5,0,0,0,0,7,0,7,7,6.50116,0,6.50116,6.50116,10.7955,0.336486,10.4979,11.4264,
4.8,19,2,7,2,1.2242,0.113641,1.14384,1.30455,6.5,0,6.5,6.5,0,0,0,0,7,0,7,7,6.50116,0,6.50116,6.50116,137.784,11.1369,129.909,145.659,
4.8,17,6,8,6,1.26884,0,1.26884,1.26884,6.5,0,6.5,6.5,0,0,0,0,2,0,2,2,6.50116,0,6.50116,6.50116,2.95619,0.0184426,2.94428,2.98,
4.8,3,2,9,5,1.20456,0.136347,1.00098,1.30455,11.5,0,11.5,11.5,0,0,0,0,2,0,2,2,11.5012,0,11.5012,11.5012,10.3193,1.09002,8.53357,11.2121,
4.8,10,3,2,0,0,0,0,0,0,0,0,0,0,0,0,0,0,0,0,0,0,0,0,0,0,0,0,0,
4.8,4,2,3,6,1.24107,0.18272,1.03571,1.51786,0.500009,0,0.500009,0.500009,0,0,0,0,7,0,7,7,0.50072,0,0.50072,0.50072,9.13022,3.22397,2.73141,11.4457,
4.8,7,3,3,6,1.09524,0.143154,0.910713,1.19643,0,0,0,0,0,0,0,0,7,0,7,7,0,0,0,0,11.5685,0.426096,10.8393,11.9821,
4.8,18,6,3,6,1.07738,0.0145802,1.07143,1.10714,0.500009,0,0.500009,0.500009,0,0,0,0,7,0,7,7,0.50072,0,0.50072,0.50072,4.11832,0.179521,3.92784,4.40998,
4.8,9,2,4,7,9.17092,13.3979,1.01786,35.5357,0.500013,7.08116e-06,0.500009,0.500027,6.54081,7.25388,0,18,9,0,9,9,0.50072,0,0.50072,0.50072,17.4049,5.64918,8.9457,24.3207,
4.8,11,4,4,7,1.23469,0.00674931,1.23214,1.25,0,0,0,0,0,0,0,0,9,0,9,9,0,0,0,0,3.01275,0.269975,2.91071,3.625,
4.8,13,5,4,7,1.18622,0.00954497,1.17857,1.19643,0.500009,0,0.500009,0.500009,0,0,0,0,9,0,9,9,0.50072,0,0.50072,0.50072,3.42019,1.79873,2.73141,7.49927,
4.8,14,5,4,8,1.11607,0.0832115,1,1.25,0.500009,0,0.500009,0.500009,0,0,0,0,9,0,9,9,0.50072,0,0.50072,0.50072,10.5595,12.4705,2.89213,34.8564,
4.8,6,3,5,8,1.74777,0.472498,1.08929,2.32143,0.500009,0,0.500009,0.500009,1.22768,2.53695,0,7.01786,10.125,2.58775,7,12,0.50072,0,0.50072,0.50072,164.959,127.355,11.6957,271.428,
4.8,15,5,5,5,1.25,0,1.25,1.25,0,0,0,0,0,0,0,0,7,0,7,7,0,0,0,0,10.3714,8.35975,3.73214,19.7143,
4.8,16,5,5,7,1.40561,0.179969,1.17857,1.69643,0,0,0,0,0,0,0,0,7,0,7,7,0,0,0,0,3.80102,1.64196,2.96429,7.51786,
4.8,1,2,6,6,1.30059,0.215596,0.910713,1.42857,0.500009,0,0.500009,0.500009,0,0,0,0,7,0,7,7,0.50072,0,0.50072,0.50072,9.2463,2.20821,4.89213,10.9993,
4.8,8,3,6,5,1.96786,0.481713,1.19643,2.39286,0.500009,0,0.500009,0.500009,0,0,0,0,7,0,7,7,0.50072,0,0.50072,0.50072,22.0421,4.17864,16.0707,27.1957,
4.8,20,6,6,6,1.20833,0.0145802,1.17857,1.21429,0,0,0,0,0,0,0,0,7,0,7,7,0,0,0,0,3.73512,0.0870558,3.625,3.82143,
4.9,11,4,7,4,1.24652,0.141643,1.0367,1.34027,6.5,0,6.5,6.5,0,0,0,0,4,0,4,4,6.50116,0,6.50116,6.50116,9.65857,0.526307,9.28357,10.4086,
4.9,15,2,7,5,1.22559,0.0445487,1.1617,1.26884,3.9,3.5602,0,6.5,0,0,0,0,5.2,1.64317,4,7,3.9007,3.56083,0,6.50116,14.1237,13.0339,5.17642,34.5,
4.9,3,2,8,5,1.19384,0.105946,1.01884,1.2867,8.5,2.73861,6.5,11.5,0,0,0,0,6.2,3.83406,2,9,8.50116,2.73861,6.50116,11.5012,6.655,2.04312,4.99785,9.96214,
4.9,4,2,8,6,1.19113,0.101621,1,1.28571,4.5,3.09838,0.500009,6.5,0,0,0,0,8.33333,1.0328,7,9,4.50101,3.09861,0.50072,6.50116,9.03404,5.9337,3.96214,20.1586,
4.9,9,4,8,1,1.03571,0,1.03571,1.03571,0.500009,0,0.500009,0.500009,0,0,0,0,9,0,9,9,0.50072,0,0.50072,0.50072,10.8743,0,10.8743,10.8743,
4.9,10,4,8,0,0,0,0,0,0,0,0,0,0,0,0,0,0,0,0,0,0,0,0,0,0,0,0,0,
4.9,6,3,9,6,1.27447,0.172575,1.17956,1.60714,7.83334,5.68037,0.500009,11.5,0,0,0,0,5,1.54919,4,7,7.83435,5.6806,0.50072,11.5012,4.87333,3.59889,2.87285,11.7671,
4.9,17,6,9,4,1.3358,0.0446425,1.26884,1.35813,10.25,2.5,6.5,11.5,0,0,0,0,3.5,1,2,4,10.254,2.50191,6.50116,11.5126,2.75392,0.127022,2.68284,2.94428,
4.9,1,2,2,6,1.5625,0.292498,1.28571,2.01786,0.0833348,0.204128,0,0.500009,0,0,0,0,7,0,7,7,0.0834533,0.204418,0,0.50072,5.3094,1.93144,2.73214,8.6957,
4.9,16,5,2,5,1.18929,0.11614,0.982143,1.25,0.500009,0,0.500009,0.500009,0,0,0,0,7,0,7,7,0.50072,0,0.50072,0.50072,4.62427,0.832802,3.96356,5.99927,
4.9,20,6,2,6,1.36309,0.102061,1.21429,1.42857,0.416674,0.204128,0,0.500009,0,0,0,0,7,0,7,7,0.417267,0.204418,0,0.50072,3.64523,0.890382,2.96356,5.24927,
4.9,2,4,3,5,1.16071,0.178124,0.910713,1.41071,0.500009,0,0.500009,0.500009,0,0,0,0,4,0,4,4,0.50072,0,0.50072,0.50072,8.61713,0.366311,8.21356,8.98141,
4.9,7,3,3,7,1.06888,0.0760609,1.01786,1.17857,0,0,0,0,0,0,0,0,4.85714,1.46385,4,7,0,0,0,0,5.13775,2.93232,2.875,11.4643,
4.9,13,5,4,6,1.25893,0.329221,1.01786,1.83929,0.500009,0,0.500009,0.500009,0,0,0,0,7.33333,0.816497,7,9,0.50072,0,0.50072,0.50072,13.3415,8.5541,4.76713,21.6064,
4.9,14,5,4,6,1.26191,0.132512,1.08929,1.5,0.500009,0,0.500009,0.500009,0,0,0,0,7.33333,0.816497,7,9,0.50072,0,0.50072,0.50072,8.77606,8.35299,3.64213,24.9993,
4.9,18,6,4,5,1.24286,0.00978068,1.23214,1.25,0.500009,0,0.500009,0.500009,0,0,0,0,7,0,7,7,0.50072,0,0.50072,0.50072,10.6743,8.04463,4.49927,19.4814,
4.9,5,3,5,6,1.25612,0.111441,1.19643,1.48313,1.50001,2.44949,0.500009,6.5,0,0,0,0,7,0,7,7,1.50079,2.44967,0.50072,6.50116,4.15082,2.92797,2.85641,10.1229,
4.9,8,3,5,6,1.44643,0.36439,1.26786,2.17857,0.500009,0,0.500009,0.500009,0,0,0,0,7,0,7,7,0.50072,0,0.50072,0.50072,8.59451,8.42846,3.48141,23.3743,
4.9,19,6,5,12,1.41592,0.340317,0.946429,2.07241,5,2.7136,0.500009,6.5,0.0982142,0.340224,0,1.17857,7,0,7,7,5.00105,2.7138,0.50072,6.50116,70.775,49.6316,5.23141,144.212,
